title,author
The Invisible Life of Addie LaRue,V.E.  Schwab
The House in the Cerulean Sea,T.J. Klune
Project Hail Mary,Andy Weir
The Midnight Library,Matt Haig
I'm Glad My Mom Died,Jennette McCurdy
Piranesi,Susanna Clarke
The Vanishing Half,Brit Bennett
Fourth Wing,Rebecca Yarros
House of Earth and Blood,Sarah J. Maas
The Ballad of Songbirds and Snakes,Suzanne Collins
My Dark Vanessa,Kate Elizabeth Russell
Lessons in Chemistry,Bonnie Garmus
Beach Read,Emily Henry
A ​Court of Silver Flames,Sarah J. Maas
The Love Hypothesis,Ali Hazelwood
Malibu Rising,Taylor Jenkins Reid
"Tomorrow, and Tomorrow, and Tomorrow",Gabrielle Zevin
Babel,R.F. Kuang
The Inheritance Games,Jennifer Lynn Barnes
American Dirt,Jeanine Cummins
The Four Winds,Kristin Hannah
Mexican Gothic,Silvia Moreno-Garcia
Book Lovers,Emily Henry
The Guest List,Lucy Foley
Under the Whispering Door,T.J. Klune
Heartstopper: Volume Three,Alice Oseman
Hamnet,Maggie O'Farrell
The Thursday Murder Club,Richard Osman
A Deadly Education,Naomi Novik
House of Sky and Breath,Sarah J. Maas
Crying in H Mart,Michelle Zauner
Sea of Tranquility,Emily St. John Mandel
Klara and the Sun,Kazuo Ishiguro
Caste: The Origins of Our Discontents,Isabel Wilkerson
Carrie Soto Is Back,Taylor Jenkins Reid
Remarkably Bright Creatures,Shelby Van Pelt
Loveless,Alice Oseman
One of Us Is Next,Karen M. McManus
Network Effect,Martha Wells
People We Meet on Vacation,Emily Henry
From Blood and Ash,Jennifer L. Armentrout
Heartstopper: Volume Four,Alice Oseman
The Glass Hotel,Emily St. John Mandel
Chain of Gold,Cassandra Clare
Bell Hammers,Lancelot Schaubert
Shuggie Bain,Douglas   Stuart
Transcendent Kingdom,Yaa Gyasi
Legendborn,Tracy Deonn
Untamed,Glennon Doyle
The Burning God,R.F. Kuang
The Maid,Nita Prose
Divine Rivals,Rebecca   Ross
Hood Feminism: Notes from the Women That a Movement Forgot,Mikki Kendall
Writers & Lovers,Lily King
A Promised Land,Barack Obama
The Rose Code,Kate Quinn
Cemetery Boys,Aiden Thomas
These Violent Delights,Chloe Gong
Rule of Wolves,Leigh Bardugo
Cloud Cuckoo Land,Anthony Doerr
"The Splendid and the Vile: A Saga of Churchill, Family, and Defiance During the Blitz",Erik Larson
Rhythm of War,Brandon Sanderson
Long Bright River,Liz    Moore
Firekeeper’s Daughter,Angeline Boulley
The Sun Down Motel,Simone St. James
The Empire of Gold,S.A. Chakraborty
The Mirror & the Light,Hilary Mantel
Greenlights,Matthew McConaughey
Ring Shout,P. Djèlí Clark
The Spanish Love Deception,Elena  Armas
The Girl with the Louding Voice,Abi Daré
The Book of Longings,Sue Monk Kidd
The Henna Artist,Alka Joshi
Felix Ever After,Kacen Callender
A Kingdom of Flesh and Fire,Jennifer L. Armentrout
A Psalm for the Wild-Built,Becky  Chambers
"Take a Hint, Dani Brown",Talia Hibbert
Demon Copperhead,Barbara Kingsolver
The Push,Ashley Audrain
Billy Summers,Stephen King
The City We Became,N.K. Jemisin
Dear Edward,Ann Napolitano
The Death of Vivek Oji,Akwaeke Emezi
One to Watch,Kate Stayman-London
The Anthropocene Reviewed,John Green
The Guncle,Steven  Rowley
Migrations,Charlotte McConaghy
Home Before Dark,Riley Sager
Clap When You Land,Elizabeth Acevedo
The Night Watchman,Louise Erdrich
The Hollow Places,T. Kingfisher
Hidden Valley Road: Inside the Mind of an American Family,Robert Kolker
In a Holidaze,Christina Lauren
The Dictionary of Lost Words,Pip Williams
Oona Out of Order,Margarita Montimore
The Last Flight,Julie   Clark
Iron Flame,Rebecca Yarros
The Book of Lost Names,Kristin Harmel
The Book of Two Ways,Jodi Picoult
The Pull of the Stars,Emma Donoghue
28 Summers,Elin Hilderbrand
The Switch,Beth O'Leary
The Empress of Salt and Fortune,Nghi Vo
The Book of Lost Friends,Lisa Wingate
"Good Girl, Bad Blood",Holly  Jackson
Legends & Lattes,Travis Baldree
"Act Your Age, Eve Brown",Talia Hibbert
The Evening and the Morning,Ken Follett
The Winners,Fredrik Backman
To Sleep in a Sea of Stars,Christopher Paolini
All Boys Aren’t Blue,George M. Johnson
The Past,Kenneth   Thomas
"Beautiful World, Where Are You",Sally Rooney
The Atlas Six,Olivie Blake
The Lincoln Highway,Amor Towles
Black Sun,Rebecca Roanhorse
Fairy Tale,Stephen King
The Lost Apothecary,Sarah Penner
Yellowface,R.F. Kuang
Too Much and Never Enough: How My Family Created the World’s Most Dangerous Man,Mary L. Trump
Apples Never Fall,Liane Moriarty
Solutions and Other Problems,Allie Brosh
Harlem Shuffle,Colson Whitehead
The Southern Book Club's Guide to Slaying Vampires,Grady Hendrix
Six Crimson Cranes,Elizabeth Lim
The Present,Kenneth   Thomas
Iron Widow,Xiran Jay Zhao
The Maidens,Alex Michaelides
The Sentence,Louise Erdrich
Harrow the Ninth,Tamsyn Muir
Spoiler Alert,Olivia Dade
The Shadows,Alex North
Happy Place,Emily Henry
Code Name Hélène,Ariel Lawhon
The Man Who Died Twice,Richard Osman
The Travelers Within: Into The Unknown,Daniel Mode
Tress of the Emerald Sea,Brandon Sanderson
One Dark Window,Rachel Gillig
As Good As Dead,Holly  Jackson
Midnight Sun,Stephenie Meyer
The Woman in Me,Britney Spears
Redhead by the Side of the Road,Anne Tyler
Empire of Pain: The Secret History of the Sackler Dynasty,Patrick Radden Keefe
Love on the Brain,Ali Hazelwood
The Charm Offensive,Alison Cochrun
Concrete Rose,Angie Thomas
Things We Never Got Over,Lucy Score
The Last Train to Key West,Chanel Cleeton
Small Things Like These,Claire Keegan
Fangs,Sarah Andersen
Reminders of Him,Colleen Hoover
Rodham,Curtis Sittenfeld
Swimming in the Dark,Tomasz Jedrowski
Dial A for Aunties,Jesse Q. Sutanto
The Stolen Heir,Holly Black
The Space Between Worlds,Micaiah Johnson
Bloodmarked,Tracy Deonn
Our Missing Hearts,Celeste Ng
The Personal Librarian,Marie Benedict
The Reading List,Sara Nisha Adams
Come Tumbling Down,Seanan McGuire
Grown,Tiffany D. Jackson
If It Bleeds,Stephen King
Our Violent Ends,Chloe Gong
The Housemaid,Freida McFadden
One by One,Ruth Ware
Empire of the Vampire,Jay Kristoff
She Who Became the Sun,Shelley Parker-Chan
Heartstopper: Volume Five,Alice Oseman
Neon Gods,Katee Robert
The Premonition: A Pandemic Story,Michael   Lewis
Troubled Blood,Robert Galbraith
Ruthless Vows,Rebecca   Ross
Once There Were Wolves,Charlotte McConaghy
A Wizard’s Guide to Defensive Baking,T. Kingfisher
Betty,Tiffany   McDaniel
Any Way the Wind Blows,Rainbow Rowell
The Ballad of Never After,Stephanie Garber
The Hourglass Throne,K.D. Edwards
Leaving Isn't the Hardest Thing,Lauren  Hough
Afterlife,Julia Alvarez
Troy,Stephen Fry
The ​Crown of Gilded Bones,Jennifer L. Armentrout
The Witch's Heart,Genevieve Gornichec
The Only Good Indians,Stephen Graham Jones
"The Galaxy, and the Ground Within",Becky  Chambers
A Desolation Called Peace,Arkady Martine
Later,Stephen King
Still Life,Sarah Winman
The Lives of Saints,Leigh Bardugo
The Cartographers,Peng Shepherd
Blacktop Wasteland,S.A. Cosby
Matrix,Lauren Groff
Horse,Geraldine Brooks
The Heart Principle,Helen Hoang
A Flicker in the Dark,Stacy Willingham
The Answer Is…: Reflections on My Life,Alex Trebek
Finlay Donovan Is Killing It,Elle Cosimano
Boyfriend Material,Alexis  Hall
The Island of Missing Trees,Elif Shafak
The Once and Future Witches,Alix E. Harrow
Finding Me,Viola Davis
The Kitchen Front,Jennifer    Ryan
House of Hollow,Krystal Sutherland
Think Again: The Power of Knowing What You Don't Know,Adam Grant
Big Lies in a Small Town,Diane Chamberlain
The Hawthorne Legacy,Jennifer Lynn Barnes
Vagina Problems,Lara  Parker
I Must Betray You,Ruta Sepetys
The Final Gambit,Jennifer Lynn Barnes
How the Word Is Passed: A Reckoning with the History of Slavery Across America,Clint   Smith
The Chalice of the Gods,Rick Riordan
It Starts with Us,Colleen Hoover
Wrong Place Wrong Time,Gillian McAllister
The First to Die at the End,Adam Silvera
If I Never Met You,Mhairi McFarlane
The Gilded Ones,Namina Forna
The Dead Romantics,Ashley Poston
They Went Left,Monica Hesse
The Ink Black Heart,Robert Galbraith
Head Over Heels,Hannah Orenstein
The Sun and the Star: A Nico di Angelo Adventure,Rick Riordan
"Detransition, Baby",Torrey Peters
It Happened One Summer,Tessa Bailey
Delilah Green Doesn't Care,Ashley Herring Blake
The Only One Left,Riley Sager
The Bodyguard,Katherine Center
The Ickabog,J.K. Rowling
What You Wish For,Katherine Center
Killers of a Certain Age,Deanna Raybourn
When We Cease to Understand the World,Benjamín Labatut
The Mystery of Mrs. Christie,Marie Benedict
The Vanished Birds,Simon Jimenez
Razorblade Tears,S.A. Cosby
Across the Green Grass Fields,Seanan McGuire
Pretty Things,Janelle Brown
The Searcher,Tana French
Amari and the Night Brothers,B.B. Alston
Hotel Magnifique,Emily J. Taylor
Deathless Divide,Justina Ireland
Daughter of the Moon Goddess,Sue Lynn Tan
When No One Is Watching,Alyssa Cole
Notes on an Execution,Danya Kukafka
The People We Keep,Allison Larkin
A Good Neighborhood,Therese Anne Fowler
"Sigh, Gone: A Misfit's Memoir of Great Books, Punk Rock, and the Fight to Fit In",Phuc  Tran
No One Is Talking About This,Patricia Lockwood
The Plot,Jean Hanff Korelitz
The Happiest Man on Earth,Eddie Jaku
The One Hundred Years of Lenni and Margot,Marianne Cronin
Valentine,Elizabeth Wetmore
"Dolly Parton, Songteller: My Life in Lyrics",Dolly Parton
All the Stars and Teeth,Adalyn  Grace
The Echo Wife,Sarah Gailey
The Paper Palace,Miranda Cowley Heller
The Woman with the Blue Star,Pam Jenoff
The Bullet That Missed,Richard Osman
Bookshops & Bonedust,Travis Baldree
The Lost and Found Bookshop,Susan Wiggs
A Dowry of Blood,S.T. Gibson
The Covenant of Water,Abraham   Verghese
Yours Truly,Abby Jimenez
The Last Devil to Die,Richard Osman
A Burning,Megha Majumdar
Big Summer,Jennifer Weiner
The Library of Legends,Janie Chang
One Last Stop,Casey McQuiston
The Mountains Sing,Nguyễn Phan Quế Mai
All the Devils Are Here,Louise Penny
"Love, Theoretically",Ali Hazelwood
"Stamped: Racism, Antiracism, and You",Jason Reynolds
Lady Clementine,Marie Benedict
Olga Dies Dreaming,Xóchitl González
Paladin’s Grace,T. Kingfisher
Maame,Jessica George
Monsters Born and Made,Tanvi Berwah
My Government Means to Kill Me,Rasheed Newson
The Paris Library,Janet Skeslien Charles
Ember Queen,Laura Sebastian
Clytemnestra,Costanza Casati
"Friends, Lovers, and the Big Terrible Thing",Matthew  Perry
The Heaven & Earth Grocery Store,James   McBride
Hell Bent,Leigh Bardugo
Two Twisted Crowns,Rachel Gillig
The Adventures of Amina al-Sirafi,Shannon Chakraborty
Hollowpox: The Hunt for Morrigan Crow,Jessica Townsend
Sin Eater,Megan Campisi
The Final Girl Support Group,Grady Hendrix
Navigate Your Stars,Jesmyn Ward
Summer Snow: New Poems,Robert Hass
Gallant,V.E.  Schwab
The Knockout Queen,Rufi Thorpe
The Mercies,Kiran Millwood Hargrave
Life’s Too Short,Abby Jimenez
Practice Makes Perfect,Sarah       Adams
The Night Shift,Alex Finlay
"The Bomber Mafia: A Dream, a Temptation, and the Longest Night of the Second World War",Malcolm Gladwell
The Burning Girls,C.J. Tudor
Part of Your World,Abby Jimenez
Hani and Ishu’s Guide to Fake Dating,Adiba Jaigirdar
Postcolonial Love Poem,Natalie Díaz
The Writing Retreat,Julia Bartz
The Hand on the Wall,Maureen Johnson
My Evil Mother,Margaret Atwood
Twisted Games,Ana Huang
Her Last Flight,Beatriz Williams
The Lost Metal,Brandon Sanderson
Fugitive Telemetry,Martha Wells
The Illness Lesson,Clare Beams
Deacon King Kong,James   McBride
All the Dangerous Things,Stacy Willingham
War Lord,Bernard Cornwell
Happy-Go-Lucky,David Sedaris
Yes No Maybe So,Becky Albertalli
The Cousins,Karen M. McManus
Leviathan Falls,James S.A. Corey
Big Swiss,Jen Beagin
The Paris Hours,Alex George
Spare,Prince Harry
Jade Legacy,Fonda Lee
I Want You to Know We’re Still Here: A Post-Holocaust Memoir,Esther Safran Foer
Imaginary Museums: Stories,Nicolette Polek
The Bone Shard Daughter,Andrea Stewart
Cleopatra and Frankenstein,Coco Mellors
Demon in the Wood,Leigh Bardugo
To Wake the Giant: A Novel of Pearl Harbor,Jeff Shaara
The Operator,Gretchen Berg
Weather,Jenny Offill
Break Your Glass Slippers,Amanda Lovelace
A River Enchanted,Rebecca   Ross
Remote Control,Nnedi Okorafor
Five Survive,Holly  Jackson
Chain-Gang All-Stars,Nana Kwame Adjei-Brenyah
The Sweet Taste of Muscadines,Pamela Terry
Gleam,Raven Kennedy
The Last Graduate,Naomi Novik
The Lies That Bind,Emily Giffin
These Tangled Vines,Julianne MacLean
These Precious Days: Essays,Ann Patchett
All Rhodes Lead Here,Mariana Zapata
Riot Baby,Tochi Onyebuchi
LOVE OVER CAPPUCCINO,Mansi Modi
Fateful Destiny: An Epic Struggle to Change the Course of American History,Marshall Anders
Metaphysics of Sound,Nataša Pantović
Anshuman krit Saral Vastu Gyan,Anshuman Srivastav
My Dirty California,Jason Mosberg
All My Rage,Sabaa Tahir
Pickard County Atlas,Chris Harding Thornton
Bewilderment,Richard Powers
Winter’s Orbit,Everina Maxwell
The Likely Resolutions of Oliver Clock,Jane  Riley
The Colony,Audrey Magee
Well Played,Jen DeLuca
A Deal with the Elf King,Elise Kova
How the King of Elfhame Learned to Hate Stories,Holly Black
Conjure Women,Afia Atakora
The Second Mrs. Astor,Shana Abe
The Stardust Thief,Chelsea Abdullah
Djinn Patrol on the Purple Line,Deepa Anappara
Magnolia Parks,Jessa Hastings
The Seven Year Slip,Ashley Poston
The Turnout,Megan Abbott
The Nineties,Chuck Klosterman
Icebreaker,A.L. Graziadei
A Beautifully Foolish Endeavor,Hank Green
The Bright Side Sanctuary for Animals,Becky Mandelbaum
Sharks in the Time of Saviors,Kawai Strong Washburn
All the Feels,Olivia Dade
Mary Jane,Jessica Anya Blau
Hang the Moon,Jeannette Walls
The Madness of Crowds,Louise Penny
The Tower of Nero,Rick Riordan
The Very Secret Society of Irregular Witches,Sangu Mandanna
To The End,J.  Bree
Lady Tan’s Circle of Women,Lisa See
Seven Days in June,Tia Williams
A Stitch in Time,Kelley Armstrong
Once Upon a Broken Heart,Stephanie Garber
Irreversible Damage: The Transgender Craze Seducing Our Daughters,Abigail Shrier
The Promise,Damon Galgut
Lore Olympus: Volume Four,Rachel  Smythe
The Summer Deal,Jill Shalvis
Lords of Mercy,Angel Lawson
Dawnshard,Brandon Sanderson
The House of Doors,Tan Twan Eng
Powerless,Lauren  Roberts
"World of Wonders: In Praise of Fireflies, Whale Sharks, and Other Astonishments",Aimee Nezhukumatathil
Honey Girl,Morgan  Rogers
What My Bones Know: A Memoir of Healing from Complex Trauma,Stephanie Foo
All This Time,Mikki Daughtry
Beyond the Wand: The Magic and Mayhem of Growing Up a Wizard,Tom Felton
Little Secrets,Jennifer Hillier
How to Sell a Haunted House,Grady Hendrix
Go as a River,Shelley Read
Antiracist Baby,Ibram X. Kendi
House of Flame and Shadow,Sarah J. Maas
Strange Hotel,Eimear McBride
Almost Just Friends,Jill Shalvis
Finna,Nino Cipri
Twilight of Democracy: The Seductive Lure of Authoritarianism,Anne Applebaum
Return of the Trickster,Eden Robinson
Utopia Avenue,David Mitchell
The First Woman,Jennifer Nansubuga Makumbi
The Cheat Sheet,Sarah       Adams
Atlas of the Heart: Mapping Meaningful Connection and the Language of Human Experience,Brené Brown
Have You Seen Me?,Kate White
The Bone Maker,Sarah Beth Durst
The Constant Rabbit,Jasper Fforde
"Hook, Line, and Sinker",Tessa Bailey
Wild Sign,Patricia Briggs
How to Avoid a Climate Disaster: The Solutions We Have and the Breakthroughs We Need,Bill  Gates
Don’t Burn This Book: Thinking for Yourself in an Age of Unreason,Dave  Rubin
"Four Hundred Souls: A Community History of African America, 1619-2019",Ibram X. Kendi
The Bandit Queens,Parini Shroff
Float Plan,Trish Doller
Dear Justyce,Nic Stone
The Violin Conspiracy,Brendan Slocumb
What Moves the Dead,T. Kingfisher
"Why Fish Don’t Exist: A Story of Loss, Love, and the Hidden Order of Life",Lulu Miller
"Imogen, Obviously",Becky Albertalli
"Agent Sonya: Lover, Mother, Soldier, Spy",Ben Macintyre
The Lost Girls of Devon,Barbara O'Neal
"Corona, False Alarm?: Facts and Figures",Karina  Reiss
Terciel and Elinor,Garth Nix
Young Mungo,Douglas   Stuart
No Time Like the Future: An Optimist Considers Mortality,Michael J. Fox
A Shadow in the Ember,Jennifer L. Armentrout
The Other Side of Beautiful,Kim Lock
Our Wives Under the Sea,Julia Armfield
Once Upon a Time in Hollywood,Quentin Tarantino
"What Happened To You? Conversations on Trauma, Resilience, and Healing",Bruce D. Perry
When We Were Birds,Ayanna Lloyd Banwo
Hester,Laurie Lico Albanese
"Entangled Life: How Fungi Make Our Worlds, Change Our Minds & Shape Our Futures",Merlin Sheldrake
You Deserve Each Other,Sarah Hogle
The Island,Adrian McKinty
"Ace: What Asexuality Reveals About Desire, Society, and the Meaning of Sex",Angela  Chen
Take My Hand,Dolen Perkins-Valdez
She Gets the Girl,Rachael Lippincott
Wilmington's Lie: The Murderous Coup of 1898 and the Rise of White Supremacy,David Zucchino
Check & Mate,Ali Hazelwood
"The Real Anthony Fauci: Bill Gates, Big Pharma, and the Global War on Democracy and Public Health",Robert F. Kennedy Jr.
Wish You Were Here,Jodi Picoult
"The Creation of Me, Them and Us",Heather  Marsh
The Forest of Vanishing Stars,Kristin Harmel
The Fortunes of Jaded Women,Carolyn Huynh
Home Body,Rupi Kaur
A Magic Steeped in Poison,Judy I. Lin
Mad Honey,Jodi Picoult
Just as I Am,Cicely Tyson
Em,Kim Thúy
How High We Go in the Dark,Sequoia Nagamatsu
The Golden Enclaves,Naomi Novik
Cinderella Is Dead,Kalynn  Bayron
The Last Thing He Told Me,Laura Dave
Murder on Cold Street,Sherry Thomas
North Woods,Daniel       Mason
Instructions for Dancing,Nicola Yoon
"A Fever in the Heartland: The Ku Klux Klan's Plot to Take Over America, and the Woman Who Stopped Them",Timothy Egan
This Poison Heart,Kalynn  Bayron
The ABCs of Black History,Rio Cortez
Well Matched,Jen DeLuca
The Wife Stalker,Liv Constantine
The Familiar Dark,Amy Engel
The Dawn of Everything: A New History of Humanity,David Graeber
The Ferryman,Justin Cronin
Glint,Raven Kennedy
Let Us Descend,Jesmyn Ward
Snapdragon,Kat Leyh
Breath: The New Science of a Lost Art,James Nestor
Our Woman in Moscow,Beatriz Williams
Fevered Star,Rebecca Roanhorse
Winterkeep,Kristin Cashore
Flamer,Mike Curato
"Poverty, by America",Matthew Desmond
"The Wager: A Tale of Shipwreck, Mutiny and Murder",David Grann
The Family,Naomi Krupitsky
The Girl Who Fell Beneath the Sea,Axie Oh
The Other Mrs.,Mary Kubica
Light from Uncommon Stars,Ryka Aoki
Lore Olympus: Volume Three,Rachel  Smythe
Minor Feelings: An Asian American Reckoning,Cathy Park Hong
System Collapse,Martha Wells
The Black Cabinet: The Untold Story of African Americans and Politics During the Age of Roosevelt,Jill  Watts
Unmasked: My Life Solving America's Cold Cases,Paul Holes
Violeta,Isabel Allende
Last Memoria,Rachel Emma Shaw
Abandoned in Death,J.D. Robb
The Witch King,H.E. Edgmon
The Civil War of Amos Abernathy,Michael Leali
The Ice Cream Man and Other Stories,Sam Pink
The Dominant Animal,Kathryn Scanlan
The Bard's Blade,Brian D. Anderson
A Girl Like Me,Angela           Johnson
A Million Kisses in Your Lifetime,Monica  Murphy
The Silence,Daisy Pearce
A Kind of Spark,Elle McNicoll
Every Last Fear,Alex Finlay
A Day Like This,Kelley McNeil
Shrines of Gaiety,Kate Atkinson
Followers,Megan Angelo
Safe No Longer,Gayle Curtis
Open Book,Jessica Simpson
Calling for a Blanket Dance,Oscar Hokeah
Glory,NoViolet Bulawayo
The Chaos Machine: The Inside Story of How Social Media Rewired Our Minds and Our World,Max Fisher
The River We Remember,William Kent Krueger
Buses Are a Comin': Memoir of a Freedom Rider,Charles Person
Letters to My Weird Sisters: On Autism and Feminism,Joanne Limburg
The Hotel Nantucket,Elin Hilderbrand
Godshot,Chelsea Bieker
How to Become a Planet,Nicole Melleby
A History of Wild Places,Shea Ernshaw
Yearbook,Seth Rogen
Bad Cree,Jessica Johns
Bride,Ali Hazelwood
Black Sunday,Tola Rotimi Abraham
Kent State,Deborah Wiles
The Sweeney Sisters,Lian Dolan
Upgrade,Blake Crouch
Jeg foreslår at vi våkner,Beate Grimsrud
Magic Claims,Ilona Andrews
The Passing Playbook,Isaac Fitzsimons
In the Lives of Puppets,T.J. Klune
"On Vanishing: Mortality, Dementia, and What It Means to Disappear",Lynn Casteel Harper
Everything Sad Is Untrue,Daniel Nayeri
Heroin chic,Maria Kjos Fonn
The Office of Historical Corrections: A Novella and Stories,Danielle  Evans
"White Cat, Black Dog: Stories",Kelly Link
Memorial Drive: A Daughter's Memoir,Natasha Trethewey
Defiant,Brandon Sanderson
Exiles,Jane Harper
The Gravity of Missing Things,Marisa  Urgo
Rosaline Palmer Takes the Cake,Alexis  Hall
Magic Tides,Ilona Andrews
Walk the Wire,David Baldacci
Boy Parts,Eliza  Clark
Fault Lines: The Social Justice Movement and Evangelicalism's Looming Catastrophe,Voddie T. Baucham Jr.
Run Towards the Danger: Confrontations with a Body of Memory,Sarah Polley
When Women Were Dragons,Kelly Barnhill
The 23rd Midnight,James Patterson
Stone Blind,Natalie Haynes
Prosper's Demon,K.J. Parker
The Life That Mattered,Jewel E. Ann
Ridgeline,Michael Punke
The Prophets,Robert Jones Jr.
Sweep of the Heart,Ilona Andrews
XOXO,Axie Oh
The Sum of Us: What Racism Costs Everyone and How We Can Prosper Together,Heather  McGhee
"A Map Is Only One Story: Twenty Writers on Immigration, Family, and the Meaning of Home",Nicole Chung
Ariadne,Jennifer Saint
The Sandman: Act I,Dirk Maggs
ReDawn,Brandon Sanderson
Running Against the Devil: A Plot to Save America from Trump — And Democrats from Themselves,Rick    Wilson
Sharpe's Assassin,Bernard Cornwell
The Jasmine Throne,Tasha Suri
Ruby Fever,Ilona Andrews
Broken,Jenny  Lawson
Afterlives,Abdulrazak Gurnah
One Italian Summer,Rebecca Serle
The War of Two Queens,Jennifer L. Armentrout
Tiger Mosquitoes: A Medical Crime Thriller,Kenneth J. Stein
Written in the Stars,Alexandria Bellefleur
Triple Cross,James Patterson
The Book Woman's Daughter,Kim Michele Richardson
The Running Grave,Robert Galbraith
Children of Ash and Elm: A History of the Vikings,Neil Price
A Very Stable Genius: Donald J. Trump's Testing of America,Philip Rucker
Axiom's End,Lindsay  Ellis
The Chosen and the Beautiful,Nghi Vo
Ten Steps to Nanette: A Memoir Situation,Hannah Gadsby
Monstrilio,Gerardo Sámano Córdova
Profiles in Ignorance: How America's Politicians Got Dumb and Dumber,Andy Borowitz
The Relentless Moon,Mary Robinette Kowal
The Lords of Night,J.C. Cervantes
Starling House,Alix E. Harrow
Victory at Prescott High,C.M. Stunich
Kaikeyi,Vaishnavi Patel
Arsenic and Adobo,Mia P. Manansala
Emerald Blaze,Ilona Andrews
The Age of Witches,Louisa Morgan
The Dark Archive,Genevieve Cogman
I Hate Men,Pauline Harmange
Entitled: How Male Privilege Hurts Women,Kate Manne
Lore,Alexandra Bracken
She Drives Me Crazy,Kelly Quindlen
Iron Heart,Nina Varela
In Ascension,Martin MacInnes
Bittersweet: How Sorrow and Longing Make Us Whole,Susan Cain
Absolution,Alice McDermott
Who Is Maud Dixon?,Alexandra  Andrews
The Lies I Tell,Julie   Clark
Lore Olympus: Volume Five,Rachel  Smythe
River Sing Me Home,Eleanor Shearer
Can the Monster Speak? A Report to an Academy of Psychoanalysts,Paul B. Preciado
Miss Benson's Beetle,Rachel Joyce
Medusa,Jessie Burton
The American Roommate Experiment,Elena  Armas
Rock Paper Scissors,Alice Feeney
Solito,Javier Zamora
The Wonder Boy of Whistle Stop,Fannie Flagg
Ejaculate Responsibly: A Whole New Way to Think About Abortion,Gabrielle Stanley Blair
Something Wilder,Christina Lauren
The Undertaking of Hart and Mercy,Megan Bannen
Mothered,Zoje Stage
22 Seconds,James Patterson
The Prison Healer,Lynette Noni
Big Friendship: How We Keep Each Other Close,Aminatou Sow
Kingdom of the Wicked,Kerri Maniscalco
A History of My Brief Body,Billy-Ray Belcourt
The Survivors,Jane Harper
Heart Bones,Colleen Hoover
Trust: America's Best Chance,Pete Buttigieg
The Mermaid of Black Conch,Monique Roffey
"Made in China: A Prisoner, an SOS Letter, and the Hidden Cost of America's Cheap Goods",Amelia Pang
Peril,Bob Woodward
School Trip,Jerry Craft
Three Sisters,Heather   Morris
Outlive: The Science and Art of Longevity,Peter Attia
In an Instant,Suzanne Redfearn
The Eagle's Claw,Jeff Shaara
The Last House on Needless Street,Catriona Ward
Soulswift,Megan Bannen
The Perfect World of Miwako Sumida,Clarissa Goenawan
Blood & Honey,Shelby Mahurin
21st Birthday,James Patterson
Easy Crafts for the Insane: A Mostly Funny Memoir of Mental Illness and Making Things,Kelly Williams Brown
Kingdom of the Cursed,Kerri Maniscalco
These Silent Woods,Kimi Cunningham Grant
The Heartstopper Yearbook,Alice Oseman
City Spies,James Ponti
Upright Women Wanted,Sarah Gailey
Dragon Hoops,Gene Luen Yang
What Comes After,JoAnne  Tompkins
Kate,Tate James
Find Me,Ashley N. Rostek
Our Last Days in Barcelona,Chanel Cleeton
Band of Sisters,Lauren Willig
"Unsettled: What Climate Science Tells Us, What It Doesn’t, and Why It Matters",Steven E. Koonin
One Damn Thing After Another: Memoirs of an Attorney General,William P. Barr
A Very Punchable Face,Colin Jost
"Again, Rachel",Marian Keyes
All the Sinners Bleed,S.A. Cosby
The Last Voyage of the Andrea Doria: The Sinking of the World's Most Glamorous Ship,Greg King
Everything Beautiful in Its Time: Seasons of Love and Loss,Jenna Bush Hager
The Bear,Andrew Krivak
A Billion Years: My Escape From a Life in the Highest Ranks of Scientology,Mike Rinder
The 20th Victim,James Patterson
Beyond Order: 12 More Rules For Life,Jordan B. Peterson
The Song of the Cell: An Exploration of Medicine and the New Human,Siddhartha Mukherjee
Lost in the Moment and Found,Seanan McGuire
The Girl in White Gloves,Kerri Maher
A Shining,Jon Fosse
Eden Mine,S.M. Hulse
Lords of Wrath,Angel Lawson
My Killer Vacation,Tessa Bailey
Isn't It Bromantic?,Lyssa Kay Adams
Wandering Souls,Cecile Pin
The Paris Apartment,Lucy Foley
Personal Effects: What Recovering the Dead Teaches Me About Caring for the Living,Robert A.  Jensen
When the Stars Go Dark,Paula McLain
Girls That Never Die: Poems,Safia Elhillo
All the Quiet Places,Brian Thomas Isaac
Excuse Me While I Ugly Cry,Joya Goffney
The Book of Cold Cases,Simone St. James
I Left The House Today!,Cassandra Calin
The River of Silver,S.A. Chakraborty
The End of the Day,Bill Clegg
Emily Wilde's Encyclopaedia of Faeries,Heather Fawcett
Liar,Tate James
Glucose Revolution: The Life-Changing Power of Balancing Your Blood Sugar,Jessie Inchauspé
A Cat Story,Ursula Murray Husted
Once Upon a Wardrobe,Patti Callahan Henry
An Immense World: How Animal Senses Reveal the Hidden Realms Around Us,Ed Yong
Fake,Tate James
The Other Black Girl,Zakiya Dalila Harris
Under The Great Elm: A Life of Luck & Wonder,Rich Flanders
Weather Girl,Rachel Lynn Solomon
The Wind Knows My Name,Isabel Allende
The True Love Experiment,Christina Lauren
The Darkness Outside Us,Eliot Schrefer
Indians on Vacation,Thomas King
Wandering in Strange Lands: A Daughter of the Great Migration Reclaims Her Roots,Morgan Jerkins
Defy or Defend,Gail Carriger
The Wake-Up Call,Beth O'Leary
We Were Dreamers: An Immigrant Superhero Origin Story,Simu Liu
Hate,Tate James
"Voices from the Pandemic: Americans Tell Their Stories of Crisis, Courage and Resilience",Eli Saslow
Hell of a Book,Jason Mott
Bombshell,Sarah MacLean
Sparring Partners,John Grisham
Lucy by the Sea,Elizabeth Strout
Every Summer After,Carley Fortune
Once Upon an Eid,S.K. Ali
The Empire of Dreams,Rae Carson
A Good Marriage,Kimberly McCreight
The Book of V.,Anna Solomon
Where the Line Breaks,Michael  Burrows
Kill Order,Tate James
New from Here,Kelly Yang
The Night Country,Melissa Albert
The House of Kennedy,James Patterson
Lords of Pain,Angel Lawson
The Latinist,Mark Prins
Perhaps the Stars,Ada Palmer
Below Zero,Ali Hazelwood
Funny Farm: My Unexpected Life with 600 Rescue Animals,Laurie Zaleski
Dead Drop,Tate James
Under One Roof,Ali Hazelwood
When Stars Collide,Susan Elizabeth Phillips
Lost Hills,Lee Goldberg
The Children's Blizzard,Melanie Benjamin
Stuck with You,Ali Hazelwood
The Anomaly,Hervé Le Tellier
Furia,Yamile Saied Méndez
True Biz,Sara Nović
Spy×Family 3,Tatsuya Endo
Alone With You in the Ether,Olivie Blake
Under the Rainbow,Celia Laskey
A Private Cathedral,James Lee Burke
Sorrow and Bliss,Meg Mason
The Best of Me,David Sedaris
How the Penguins Saved Veronica,Hazel Prior
No Cure for Being Human: And Other Truths I Need to Hear,Kate Bowler
Dress Coded,Carrie Firestone
Rednecks,Taylor  Brown
Glow,Raven Kennedy
Golden Girl,Elin Hilderbrand
Uncanny Valley,Anna Wiener
The Queen of Paris: A Novel of Coco Chanel,Pamela Binnings Ewen
Pride of Eden,Taylor  Brown
A Dance with the Fae Prince,Elise Kova
Watercress,Andrea Wang
Layover,Emily Henry
Dust Child,Nguyễn Phan Quế Mai
Icebreaker,Hannah  Grace
The Drowning Kind,Jennifer  McMahon
Find Me in Havana,Serena  Burdick
I Hope This Finds You Well: Poems,Kate Baer
Trans: When Ideology Meets Reality,Helen  Joyce
Gild,Raven Kennedy
Defy the Night,Brigid Kemmerer
The Family Game,Catherine Steadman
"Lore Olympus, Vol. 1",Rachel  Smythe
King of Battle and Blood,Scarlett St.  Clair
A Sunlit Weapon,Jacqueline Winspear
Kings of Anarchy,Caroline Peckham
The Governess,Wendy  Holden
Seven Perfect Things,Catherine Ryan Hyde
A Treacherous Tale,Elizabeth Penney
Sisters of the Lost Nation,Nick Medina
Meet Me at the Lake,Carley Fortune
Officer Clemmons,François S. Clemmons
Book of Night,Holly Black
That Time I Got Drunk and Saved a Demon,Kimberly Lemming
Gold,Raven Kennedy
The It Girl,Ruth Ware
All In: An Autobiography,Billie Jean King
Smoke Bitten,Patricia Briggs
Did Ye Hear Mammy Died? A Memoir,Séamas O'Reilly
The Last Lifeboat,Hazel Gaynor
The Soulmate Equation,Christina Lauren
Star of Persia:,Jill Eileen Smith
"Undercover Epicenter Nurse: How Fraud, Negligence, and Greed Led to Unnecessary Deaths at Elmhurst Hospital",Erin Marie Olszewski
Chronicles from the Land of the Happiest People on Earth,Wole Soyinka
"Beyond That, the Sea",Laura Spence-Ash
Clash of Steel: A Treasure Island Remix,C.B. Lee
The Murder of Mr. Wickham,Claudia Gray
Cartier's Hope,M.J. Rose
All the Frequent Troubles of Our Days: The True Story of the American Woman at the Heart of the German Resistance to Hitler,Rebecca Donner
Broken Bonds,J.  Bree
The Daughter of Doctor Moreau,Silvia Moreno-Garcia
The Dirty South,John Connolly
From The Foster House To The White House,Terrence Williams
Paladin's Strength,T. Kingfisher
"Outside, Inside",LeUyen Pham
The Vaster Wilds,Lauren Groff
The Deep: We all know the story of the Titanic . . . don't we?,Alma Katsu
The Oldest Student: How Mary Walker Learned to Read,Rita Lorraine Hubbard
"Classified: The Secret Career of Mary Golda Ross, Cherokee Aerospace Engineer",Traci Sorell
The Many Daughters of Afong Moy,Jamie Ford
A Murderous Relation,Deanna Raybourn
A Most English Princess: A Novel of Queen Victoria's Daughter,Clare McHugh
Beautiful Country: A Memoir,Qian Julie Wang
Oh William!,Elizabeth Strout
After Annie,Anna Quindlen
Pucking Around,Emily Rath
Kings of Quarantine,Caroline Peckham
"Snotgirl, Vol. 3: Is This Real Life?",Bryan Lee O'Malley
Travelers Along the Way: A Robin Hood Remix,Aminah Mae Safi
The Nurse's Secret,Amanda Skenandore
"Invisible Child: Poverty, Survival & Hope in an American City",Andrea Elliott
So Many Beginnings: A Little Women Remix,Bethany C. Morrow
Figure It Out,Wayne Koestenbaum
The Lost Boys of London,Mary Lawrence
After The Storm,Natalie P.  Jenkins
Before I Called You Mine,Nicole Deese
You Exist Too Much,Zaina Arafat
The Glass Magician,Caroline Stevermer
Sunbathing I Want To,Nicholas Dolinger
The Renascent World,Carryn W. Kerr
The Duke of Diamonds,Emily Windsor
I Am Not Your Slave: A Memoir,Tupa Tjipombo
A Traveler at the Gates of Wisdom,John Boyne
Wraithblade,S.M. Boyce
The Living Dead,George A. Romero
Unseen City,Amy Shearn
The Salon of Exiled Artists in California,Núria Añó
The Book of Moods: How I Turned My Worst Emotions Into My Best Life,Lauren   Martin
The Ever Cruel Kingdom,Rin Chupeco
The Portrait of a Mirror,A. Natasha Joukovsky
Unlocked,Shannon Messenger
The Castle of Tangled Magic,Sophie   Anderson
A Necessary Blessing,Sarah Head
The Briarmen,Joseph A. Chadwick
The House of Dust,Noah Broyles
Before Familiar Woods,Ian Pisarcik
My Contrary Mary,Cynthia Hand
Bad Best Friend,Rachel Vail
Everything You Wanted,Nina Raman
Deianira Queen of Laires Rellik,Lorenzo James
The Duchess,Wendy  Holden
Chaos and Grime: A Year in the Life of a Chinese City,Jacob Acerbi
Flock,Kate  Stewart
Με λάθος σκιά,Φάνης Παπαγεωργίου
"Redeeming Justice: From Defendant to Defender, My Fight for Equity on Both Sides of a Broken System",Jarrett Adams
De Duistere Bank: De schokkende ontmaskering van Deutsche Bank,David Enrich
Innate Magic,Shannon Fay
Live Yet Another Day,Niveditha Praveen
The Unexpected Gate: Chapter 1-“The Journey Begins”,Saravanan Shanmugam
"The Disordered Cosmos: A Journey into Dark Matter, Spacetime, and Dreams Deferred",Chanda Prescod-Weinstein
In Search of a Prince,Toni Shiloh
Pirate's Protector,Lisa Kessler
Moonflower Murders,Anthony Horowitz
Afterlift,Chip Zdarsky
The Nine Lives of Rose Napolitano,Donna Freitas
Sunset,Jessie Cave
The Alpha's Son,Penny Jessup
Stealing Infinity,Alyson Noel
Nothing But Blackened Teeth,Cassandra Khaw
The Family Roe: An American Story,Joshua Prager
The Goddess of Nothing At All,Cat Rector
MUTTS,Olivia Pritchard
Notes on a Silencing: A Memoir,Lacy Crawford
The Old Coal Miner's Lamp,Vicky Peplow
A Song Below Water,Bethany C. Morrow
Forty-Ninth,Boris Pronsky
Not in Search of Love,Kashish  Aggarwal
Existential Physics: A Scientist's Guide to Life's Biggest Questions,Sabine Hossenfelder
Under a Veiled Moon,Karen Odden
She Chose to Love,Yvette Dulo
The End of Men,Christina Sweeney-Baird
The Obsidian Tower,Melissa Caruso
"Freezing Order: A True Story of Money Laundering, Murder, and Surviving Vladimir Putin's Wrath",Bill Browder
The Grey Wolf,Julie Mannino
The Backrooms,Morgan Solis
Of Fire and Ash,Gillian Bronte Adams
The Engagement Party,Finley  Turner
Small Angels,Lauren Owen
Watch Over Me,Nina LaCour
All-Night Pharmacy,Ruth Madievsky
There Are Wolves Here Too,Niall Howell
Rouge,Mona Awad
The Mechanics of Lust,Jay Hogan
Azriel,Julie Mannino
A Whisper of Solace,Milena McKay
All the Broken Places,John Boyne
Consent: A Memoir,Vanessa Springora
A Study in Drowning,Ava Reid
The Passenger,Cormac McCarthy
"On the Line: A Story of Class, Solidarity, and Two Women's Epic Fight to Build a Union",Daisy Pitkin
The Sunlit Man,Brandon Sanderson
Gwen & Art Are Not in Love,Lex Croucher
Storm of the Seven Sins,Emily Colin
Daughters of Sparta,Claire Heywood
The Water Walls,iLana Markarov
A Life on Our Planet: My Witness Statement and a Vision for the Future,David Attenborough
Super Host,Kate Russo
"The Myth of Normal: Trauma, Illness, and Healing in a Toxic Culture",Gabor Maté
Nightwatching,Tracy  Sierra
The Brothers Hawthorne,Jennifer Lynn Barnes
Arlindo,IlustraLu
Red River Road,Anna Downes
The Hurting Kind: Poems,Ada Limon
The First Paper Cut: An Anniversary to Die For,Camille Cabrera
In the Shadow Garden,Liz    Parker
We Are All So Good at Smiling,Amber McBride
As Long as the Lemon Trees Grow,Zoulfa Katouh
The Reappearance of Rachel Price,Holly  Jackson
The Sunshine Court,Nora Sakavic
Great Circle,Maggie Shipstead
Body High,Jon Lindsey
Sword Catcher,Cassandra Clare
Tenement Kid,Bobby Gillespie
Calculated,Nova McBee
Woman of Sunlight,Mary Connealy
Hope in the Mail: Reflections on Writing and Life,Wendelin Van Draanen
The River Home,Hannah Richell
A Graceful Swan for the Fearless Marquess,Fanny Finch
Cat Kid Comic Club,Dav Pilkey
What Does It Mean to Be Chosen?: An Interactive Bible Study,Amanda Jenkins
Sorrow,Tiffanie DeBartolo
Exodus,Kate  Stewart
The Vanishing Deep,Astrid Scholte
The Dating Plan,Sara Desai
Heaven and Hell: A History of the Afterlife,Bart D. Ehrman
Προσκόμματα και ποιμαντικές λύσεις για την κατάβαση της αγέλης στον κάμπο σε περίπτωση αντάρας,Αλέξιος Μάινας
Revolusi: Indonesië en het ontstaan van de moderne wereld,David Van Reybrouck
"Amazing Spider-Man Epic Collection, Vol. 5: The Secret of the Petrified Tablet",Stan Lee
The Civil War on Film,Peg A. Lamphier
Mrs. Witherspoon Goes to War,Mary   Davis
The Breath Between Waves,Charlotte Anne Hamilton
Elsewhere,Dean Koontz
The Valkyrie's Daughter,Tiana Warner
What We Don't Talk About When We Talk About Fat,Aubrey Gordon
Pharaoh's Ticks,Kenneth J. Stein
Kundiman for Kin/Information Retrieval for Monsters,Ching-In Chen
Things I Have Withheld,Kei Miller
The Visit,Chimamanda Ngozi Adichie
The Holiday Swap,Maggie Knox
How Moon Fuentez Fell in Love with the Universe,Raquel Vasquez Gilliland
The Butcher and the Wren,Alaina Urquhart
Maggots Screaming!,Max Booth III
Best Canadian Poetry 2021,Souvankham Thammavongsa
The Quicksilver Court,Melissa Caruso
Biography of X,Catherine Lacey
The Almanack of Naval Ravikant: A Guide to Wealth and Happiness,Eric Jorgenson
Get Out of Your Head: Stopping the Spiral of Toxic Thoughts,Jennie Allen
Dark Factory,Kathe Koja
Lor,Lily Mayne
Fall,West Camel
The Headmistress,Milena McKay
Cross Down,James Patterson
Love Redesigned,Lauren Asher
The Summer of Broken Rules,K.L. Walther
Have I Told You This Already?: Stories I Don’t Want to Forget to Remember,Lauren Graham
Beyond The Story: 10-Year Record of BTS,Myeongseok Kang
Sunbelt Blues: The Failure of American Housing,Andrew Ross
The Light in Hidden Place,Sharon Cameron
The Black Coast,Mike Brooks
Der Horror der frühen Chirurgie,Lindsey Fitzharris
The Forgotten Kingdom,Signe Pike
Herc,Phoenicia Rogerson
Aurora Burning,Amie Kaufman
Our Perfect Murder,Camille Cabrera
Me: Moth,Amber McBride
Before I Let Go,Kennedy Ryan
A Curse for True Love,Stephanie Garber
A Little Devil in America: Notes in Praise of Black Performance,Hanif Abdurraqib
Nur ein Wort mit sieben Buchstaben,Ava  Reed
In the Roses of Pieria,Anna  Burke
The Silver Swan: In Search of Doris Duke,Sallie Bingham
Blood Countess,Lana Popović
How the Lady Was Won,Shana Galen
Every Other Weekend,Abigail  Johnson
The Court of Mortals,A.J. Lancaster
How to Pronounce Knife: Stories,Souvankham Thammavongsa
Το κορίτσι με το ξύλινο φόρεμα,Βίκυ Φίλιππα
The Finish Line,Kate  Stewart
The Lincoln Conspiracy: The Secret Plot to Kill America's 16th President⁠—and Why It Failed,Brad Meltzer
Die Around Sundown,Mark Pryor
The Living Sea of Waking Dreams,Richard Flanagan
Mark Rutte,Petra de Koning
"Amazing Spider-Man Epic Collection, Vol. 25: Maximum Carnage",Terry Kavanagh
To Be Honest: A Memoir,Michael Leviton
Love's Fortress,Jennifer Uhlarik
Blessed Are the Chosen: An Interactive Bible Study,Amanda Jenkins
Of Trust & Heart,Charlotte Anne Hamilton
Every Missing Piece,Melanie Conklin
Polar Vortex,Shani Mootoo
Ace of Spades,Faridah Àbíké-Íyímídé
Kingdom of the Feared,Kerri Maniscalco
Termination Shock,Neal Stephenson
Love from Scratch,Kaitlyn Hill
Shadow Fallen,Sherrilyn Kenyon
The Scavenger Door,Suzanne Palmer
The Ivory Tomb,Melissa Caruso
Stranded,Sarah Goodwin
Cinema Speculation,Quentin Tarantino
A History of Touch  (First Poets Series),Erin Emily Ann Vance
The Pole,J.M. Coetzee
Exciting Times,Naoise Dolan
Reckless,Elsie Silver
Życie mimo wszystko. Rozmowy o samobójstwie,Halszka Witkowska
Monica,Daniel Clowes
Ringmaster: Vince McMahon and the Unmaking of America,Abraham Riesman
Stay Gold,Tobly McSmith
Kids Run the Show,Delphine de Vigan
Weihnachten im kleinen Inselhotel,Jenny Colgan
The Bookbinder of Jericho,Pip Williams
Becoming Wild: How Animals Learn Who They Are,Carl Safina
The Once and Future Sex: Going Medieval on Women's Roles in Society,Eleanor Janega
Die Bäume,Percival Everett
Vespertine,Margaret  Rogerson
Better than the Movies,Lynn Painter
Musical Tables: Poems,Billy Collins
To Break a Covenant,Alison Ames
Magdalene Nox,Milena McKay
Honeybee,Craig Silvey
With All My Heart,Samantha Young
Nottingham: The True Story of Robyn Hood,Anna  Burke
My Mother's House,Francesca Momplaisir
Like Flames in the Night,Connilyn Cossette
The Highlander's Excellent Adventure,Shana Galen
Black Buck,Mateo Askaripour
Αστικά δύστυχα,Δημήτρης Γκιούλος
Mother May I,Joshilyn Jackson
All the Little Hopes,Leah Weiss
Riviera Gold,Laurie R. King
Mijn meningen zijn feiten: de wording van Thierry Baudet,Harm Ede Botje
Unsporting: How Trans Activism and Science Denial are Destroying Sport,Linda Blade
A Curse of Roses,Diana Pinguicha
Last of the Talons,Sophie Kim
Lurking: How a Person Became a User,Joanne  McNeil
Journey to the Cross: A 40-Day Lenten Devotional,Paul David Tripp
"The Dragons, the Giant, the Women: A Memoir",Wayétu Moore
Love Me,Ashley N. Rostek
Quando accadrà dillo alle api,Diana Gabaldon
Hero of Two Worlds: The Marquis de Lafayette in the Age of Revolution,Mike     Duncan
The Happily Ever After: A Memoir of an Unlikely Romance Novelist,Avi Steinberg
The Philosophy of Modern Song,Bob Dylan
Dark Places,Sherrilyn Kenyon
The Girl Behind the Gates,Brenda Davies
The Tea Dragon Tapestry,Kay O'Neill
The Cloisters,Katy Hays
Me and Banksy,Tanya Lloyd Kyi
The Eighth Wonder of the World: The True Story of André the Giant,Bertrand Hébert
The Escape Artist: The Man Who Broke Out of Auschwitz to Warn the World,Jonathan Freedland
The Running Trees,Amber McMillan
Storia di due anime,Alex Landragin
Private Moscow,James Patterson
If Tomorrow Doesn't Come,Jen St. Jude
Wrony,Petra Dvořáková
"Goodbye, Eri",Tatsuki Fujimoto
Whispers in the Woods,K.C. Carmine
The Queen of Dirt Island,Donal Ryan
Going Infinite: The Rise and Fall of a New Tycoon,Michael   Lewis
Unruly: The Ridiculous History of England's Kings and Queens,David   Mitchell
The Good Wife of Bath,Karen  Brooks
"Of Time and Turtles: Mending the World, Shell by Shattered Shell",Sy Montgomery
Hotel Laguna,Nicola  Harrison
Die geheimste Erinnerung der Menschen,Mohamed Mbougar Sarr
Zhara,S. Jae-Jones
Daughter of the Deep,Rick Riordan
Nonbinary: A Memoir,Genesis P-Orridge
It Looks Like Us,Alison Ames
You're Not the Problem: The Impact of Narcissism and Emotional Abuse and How to Heal,Helen Villiers
People to Follow,Olivia Worley
First Lie Wins,Ashley Elston
Role Playing,Cathy Yardley
Thrust,Lidia Yuknavitch
Golden Heritage,Carolin Wahl
The Measure,Nikki Erlick
"Spirit Run: A 6,000-Mile Marathon Through North America's Stolen Land",Noé Álvarez
Imperfect Women,Araminta Hall
Wicked Liaison,Meara Platt
Lessons From the Least of These: The Woodson Principles,Robert L. Woodson Sr.
The Rakess,Scarlett Peckham
Ο Δον Υπαστυνόμος,Δημήτρης Καρακίτσος
Material Girls: Why Reality Matters for Feminism,Kathleen Stock
"High Risk: Stories of Pregnancy, Birth, and the Unexpected",Chavi Eve Karkowsky
The Captive Kingdom,Jennifer A. Nielsen
The Liar's Crown,Abigail Owen
The Love Song of Ivy K. Harlowe,Hannah Moskowitz
What Are You Going Through,Sigrid Nunez
Festival Days,Jo Ann Beard
The High House,Greengrass Jessie
The Girl and the Goddess: Stories and Poems of Divine Wisdom,Nikita Gill
How to Be Ace: A Memoir of Growing Up Asexual,Rebecca    Burgess
"The Diary Keepers: World War II in the Netherlands, as Written by the People Who Lived Through It",Nina Siegal
Omar Rising,Aisha Saeed
Map Reading: The Nobel Lecture and Other Writings,Abdulrazak Gurnah
Grasp: The Science Transforming How We Learn,Sanjay Sarma
A Fig for All the Devils,C.S. Fritz
First Person Singular: Stories,Haruki Murakami
The Mountain Is You: Transforming Self-Sabotage Into Self-Mastery,Brianna Wiest
Jessi's Secret Language: A Graphic Novel,Ann M. Martin
The Empire's Ruin,Brian Staveley
Prequel: An American Fight Against Fascism,Rachel Maddow
Look Back,Tatsuki Fujimoto
The Care and Breeding of Princes,Arden Lake
Murtagh,Christopher Paolini
The Men,Sandra Newman
"Dash & Lily: Vorsicht, Glatteis!",Rachel Cohn
Deep State,Chris Hauty
Above Ground,Clint   Smith
"How I Survived a Chinese ""Reeducation"" Camp: A Uyghur Woman's Story",Gulbahar Haitiwaji
Daisy Haites,Jessa Hastings
"Tasting History: Explore the Past through 4,000 Years of Recipes",Max      Miller
Das Kaufhaus der Träume,Lee Mi-ye
Guard Your Heart,Sue Divin
La Société protectrice des Kaijus,John Scalzi
Stranger Than Kindness,Nick Cave
Betting on You,Lynn Painter
Boss of Her,Anna    Stone
The Last Bookshop in London,Madeline  Martin
Die Auserwählte,Emily Thiede
La última nota,Joana Marcús
The Butcher of the Forest,Premee Mohamed
We Wish You Luck,Caroline Zancan
The Kingdom of Back,Marie Lu
Sad Janet,Lucie Britsch
Με τις μέλισσες ή με τους λύκους: Αγόρευση στη δίκη της Χρυσής Αυγής,Θανάσης Καμπαγιάννης
Divided We Fall: America's Secession Threat and How to Restore Our Nation,David  French
The Year of the Witching,Alexis Henderson
A Sprinkle of Sorcery,Michelle Harrison
Den of Vipers,K.A. Knight
The Four Profound Weaves,R.B. Lemberg
Sexy But Psycho: How the Patriarchy Uses Women’s Trauma Against Them,Jessica   Taylor
Pirate's Paradox,Lisa Kessler
A World Without Email: Reimagining Work in an Age of Communication Overload,Cal Newport
Live Not by Lies: A Manual for Christian Dissidents,Rod Dreher
An Autobiography of the Autobiography of Reading (CLC Kreisel Lecture Series),Dionne Brand
Inseparable,Simone de Beauvoir
The Fall of Babel,Josiah Bancroft
The Devil and the Dark Water,Stuart Turton
Open Water,Caleb Azumah Nelson
Το πράσινο σημειωματάριο,Clare Pooley
The Mitford Affair,Marie Benedict
Aru Shah and the City of Gold,Roshani Chokshi
Chick Magnet,Emma Barry
Except for Palestine: The Limits of Progressive Politics,Marc Lamont Hill
The Wilderwomen,Ruth Emmie Lang
"You Are Your Best Thing: Vulnerability, Shame Resilience, and the Black Experience",Tarana Burke
Paradais,Fernanda Melchor
Holly,Stephen King
Wonderland,Juno  Dawson
Cloak of Scarlet,Melanie Dickerson
Apropos of Nothing,Woody Allen
The Things We Leave Unfinished,Rebecca Yarros
A Prayer for the Crown-Shy,Becky  Chambers
Assistant to the Villain,Hannah Nicole Maehrer
Das NEINhorn und die Schlangeweile,Marc-Uwe Kling
Every Penguin in the World: A Quest to See Them All,Charles Bergman
The Paris Mystery,Kirsty Manning
After the Ink Dries,Cassie Gustafson
For the Wolf,Hannah F. Whitten
The Hexologists,Josiah Bancroft
Marche ta peine,Maryvonne Rippert
Tryst Six Venom,Penelope Douglas
Consider This: Moments in My Writing Life After Which Everything Was Different,Chuck Palahniuk
The Tainted Cup,Robert Jackson Bennett
The Exhibition of Persephone Q,Jessi Jezewska Stevens
Black Girl Unlimited,Echo  Brown
One Day All This Will Be Yours,Adrian Tchaikovsky
The Good Girls: An Ordinary Killing,Sonia Faleiro
Bridge of Souls,V.E.  Schwab
The Valley of Lost Secrets,Lesley Parr
Μόνο κανέναν μη μου φέρεις σπίτι,Nikolas Koutsodontis
A Tangle of Spells,Michelle Harrison
Stormblood,Jeremy Szal
The Darkest King,Gena Showalter
"Magic Dark, Magic Divine",A.J. Locke
Privacy is Power: Why and How You Should Take Back Control of Your Data,Carissa Véliz
Craft in the Real World: Rethinking Fiction Writing and Workshopping,Matthew Salesses
Race the Sands,Sarah Beth Durst
All Girls,Emily Layden
The Tea Dragon Society Box Set,Kay O'Neill
Nights of Plague,Orhan Pamuk
Aru Shah and the Tree of Wishes,Roshani Chokshi
Monkey Prince Vol. 1: Enter the Monkey,Gene Luen Yang
The Heartstopper Colouring Book,Alice Oseman
Animal,Lisa Taddeo
When the World Was Ours,Liz Kessler
Never Lie,Freida McFadden
The Silence,Don DeLillo
This Other Eden,Paul Harding
The House of Serendipity,Lucy Ivison
Never,Ken Follett
Anatomy,Dana Schwartz
Lotus,Jennifer Hartmann
The Wim Hof Method: Activate Your Full Human Potential,Wim Hof
Princess Floralinda and the Forty-Flight Tower,Tamsyn Muir
A Day of Fallen Night,Samantha    Shannon
Red Team Blues,Cory Doctorow
Tinsel: The Girls Who Invented Christmas,Sibéal Pounder
State of Terror,Hillary Rodham Clinton
When You Least Expect It,Haley Cass
National Geographic Photo Ark Wonders: Celebrating Diversity in the Animal Kingdom,Joel Sartore
Do Tell,Lindsay Lynch
The Secrets We Keep,Cassie Gustafson
Platonic: How the Science of Attachment Can Help You Make—and Keep—Friends,Marisa G. Franco
The Crown of Oaths and Curses,J.  Bree
The Fragile Threads of Power,V.E.  Schwab
Someone Else's Shoes,Jojo Moyes
Extinction,Douglas Preston
Drunk on All Your Strange New Words,Eddie Robson
Inferno: A Memoir of Motherhood and Madness,Catherine Cho
Unconquerable Sun,Kate Elliott
Ποιήματα,Γεράσιμος Λυκιαρδόπουλος
Dead Famous: An Unexpected History of Celebrity from Bronze Age to Silver Screen,Greg  Jenner
Summer Sons,Lee Mandelo
Aristocracy of Talent: How Meritocracy Made the Modern World,Adrian Wooldridge
The Darkest Destiny,Gena Showalter
Pirate's Promise,Lisa Kessler
Harleen,Stjepan Šejić
Farewell to the Liar,D.K. Fields
Brotherhood,Mike Chen
Layoverland,Gabby Noone
Sandy Hook,Elizabeth  Williamson
It Takes What It Takes: How to Think Neutrally and Gain Control of Your Life,Trevor Moawad
The Seventh Mansion,Maryse Meijer
The Extraordinary Deaths of Mrs. Kip,Sara Brunsvold
Greywaren,Maggie Stiefvater
Soul Taken,Patricia Briggs
The Unmaking of June Farrow,Adrienne Young
Those Who Wait,Haley Cass
They Called Me a Lioness: A Palestinian Girls Fight for Freedom,Ahed Tamimi
Fruiting Bodies: Stories,Kathryn  Harlan
The Warrior in My Wardrobe,Simon Farnaby
Birds: Photographs,Tim Flach
Mr Wilder & Me,Jonathan Coe
Harlem After Midnight,Louise Hare
Conversations with Orhan Pamuk,Erdağ M. Göknar
Flower and Thorn,Rati Mehrotra
The Liar of Red Valley,Walter Goodwater
Smalltime: A Story of My Family and the Mob,Russell Shorto
Life after Truth,Ceridwen Dovey
Ενδεχόμενα τοπία,Δανάη Σιώζιου
The Missing Diamonds,Annabelle Sami
The End of Everything,Katie  Mack
The Good Sister,Sally Hepworth
The Brightest Star in Paris,Diana Biller
"Good Morning, Monster: A Therapist Shares Five Heroic Stories of Emotional Recovery",Catherine Gildiner
The Warlord,Gena Showalter
The Neil Gaiman Reader: Selected Fiction,Neil Gaiman
Greta & Valdin,Rebecca K. Reilly
The Magnificent Lives of Marjorie Post,Allison Pataki
Tokyo Ever After,Emiko Jean
The Love Con,Seressia Glass
The Shadow of Kyoshi,F.C. Yee
The World We Make,N.K. Jemisin
Driving the Deep,Suzanne Palmer
Once Upon a Quinceañera,Monica Gomez-Hira
Bone Deep: Untangling the Betsy Faria Murder Case,Charles Bosworth Jr.
Not Your All-American Girl,Wendy Wan-Long Shang
Time to Think: The Inside Story of the Collapse of the Tavistock's Gender Service for Children,Hannah Barnes
Uncomfortable Conversations With a Black Man,Emmanuel Acho
Jackal,Erin E. Adams
Velocities,Kathe Koja
Stolen Focus: Why You Can't Pay Attention— and How to Think Deeply Again,Johann Hari
"Bag Man: The Wild Crimes, Audacious Cover-Up, and Spectacular Downfall of a Brazen Crook in the White House",Rachel Maddow
Final Offer,Lauren Asher
Ship Wrecked,Olivia Dade
Tentacles & Triathlons,Ashley Bennett
The Labors of Hercules Beal,Gary D. Schmidt
The Danger Gang,Tom    Fletcher
The Fate of a Flapper,Susanna Calkins
The Last Two: The Battle to Save the Northern White Rhinos,Boštjan  Videmšek
Después de diciembre,Joana Marcús
Until August,Gabriel García Márquez
Nettle & Bone,T. Kingfisher
Happy & You Know It,Laura Hankin
"The Hundred Years' War on Palestine: A History of Settler Colonialism and Resistance, 1917–2017",Rashid Khalidi
Love Your Life,Sophie Kinsella
The Historians,Cecilia Ekbäck
21 ρωγμές στην επίσημη ιστορία για το 1821,Σπύρος Αλεξίου
One of the Good Ones,Maika Moulite
A Wolf for a Spell,Karah Sutton
Too Good to Be True,Carola Lovering
Members Only,Sameer Pandya
Northern Protestants: On Shifting Ground,Susan McKay
"The Black Church: This Is Our Story, This Is Our Song",Henry Louis Gates Jr.
Unlikely Animals,Annie  Hartnett
Crip Kinship: The Disability Justice & Art Activism of Sins Invalid,Shayda Kafai
Queen,S. Massery
Not Here to Be Liked,Michelle Quach
Marigold and Rose,Louise Glück
Confidence Man: The Making of Donald Trump and the Breaking of America,Maggie Haberman
The Dawn of Yangchen,F.C. Yee
Until the Last of Me,Sylvain Neuvel
The Ahuman Manifesto: Activism for the End of the Anthropocene,Patricia MacCormack
A Most Beautiful Thing: The True Story of America's First All-Black High School Rowing Team,Arshay Cooper
The Hidden Palace,Helene Wecker
Crowbones,Anne Bishop
Powerless,Elsie Silver
Pandora's Jar: Women in the Greek Myths,Natalie Haynes
The Dragon's Bride,Katee Robert
Simon Sort of Says,Erin Bow
The Spectacular,Fiona  Davis
Ain't Burned All the Bright,Jason Reynolds
A Stone is Most Precious Where it Belongs,Gulchehra Hoja
Tres meses,Joana Marcús
Foul Heart Huntsman,Chloe Gong
Dead Silence,S.A. Barnes
The Cactus League,Emily Nemens
A Whisper in the Dark,Jessi Elliott
Κόκκινο,Κώστας Χαρίτος
Three Hours,Rosamund Lupton
The Hand of the Sun King,J.T. Greathouse
"They Called Us ""Lucky"": The Life and Afterlife of the Iraq War's Hardest Hit Unit",Ruben Gallego
The Tsarina's Daughter,Ellen Alpsten
"Cynical Theories: How Activist Scholarship Made Everything about Race, Gender, and Identity—and Why This Harms Everybody",Helen Pluckrose
The Henna Wars,Adiba Jaigirdar
The Christmas Murder Game,Alexandra Benedict
Royal Honor,May Dawson
Honey Trap,Tate James
The Seven Moons of Maali Almeida,Shehan Karunatilaka
The Furies,John Connolly
Only Mostly Devastated,Sophie Gonzales
The Cursed Carnival and Other Calamities: New Stories about Mythic Heroes,Rick Riordan
Follow Your Arrow,Jessica Verdi
Motherthing,Ainslie Hogarth
Out on a Limb,Hannah Bonam-Young
Circles,Josiah Morgan
Penance,Eliza  Clark
Wishtress,Nadine Brandes
Broken Hearts,Rebecca Jenshak
Acsquidentally in Love,K.L. Hiers
The Wizard In My Shed,Simon Farnaby
Viviana Valentine Gets Her Man,Emily J. Edwards
When You Trap a Tiger,Tae Keller
Worst Wingman Ever,Abby Jimenez
The Summer We Crossed Europe in the Rain: Lyrics for Stacey Kent,Kazuo Ishiguro
Foul Lady Fortune,Chloe Gong
Revelator,Daryl Gregory
The Glass House,Eve  Chase
Most Likely,Sarah  Watson
Katheryn Howard: the Scandalous Queen,Alison Weir
Δανδής και ονειροπόλος,Υπερρεαλιστική Ομάδα Θεσσαλονίκης
Execution in E,Alexia Gordon
The Making of a Highlander,Elisa Braden
Intimations,Zadie Smith
In Sensorium: Notes for My People,Tanaïs
The Liar's Dictionary,Eley Williams
City of Shattered Light,Claire Winn
The Maiden of All Our Desires,Peter Manseau
The Duke Who Didn't,Courtney Milan
The Matchmaker's Gift,Lynda Cohen Loigman
Two Wrongs Make a Right,Chloe Liese
Last Chance Books,Kelsey Rodkey
Becoming Muhammad Ali,James Patterson
More Myself: A Journey,Alicia Keys
All Hallows,Christopher Golden
Hello Beautiful,Ann Napolitano
The Creative Act: A Way of Being,Rick Rubin
Never Finished: Unshackle Your Mind and Win the War Within,David Goggins
Kraken My Heart,K.L. Hiers
Our Team: The Epic Story of Four Men and the World Series That Changed Baseball,Luke Epplin
The Thread Collectors,Shaunna J. Edwards
Make My Move,J.  Bree
The Exception to the Rule,Christina Lauren
Love and Other Human Errors,Bethany Clift
Breakaway,Grace Reilly
Winter's Orbit,Everina Maxwell
Ντακάρ - Dakar,Θάνος Γώγος
Changing the Equation: 50+ US Black Women in STEM,Tonya Bolden
The Life You Stole,Jewel E. Ann
Bear Bottom,Stuart Gibbs
Hollywood Park,Mikel Jollett
Just Like You,Nick Hornby
Difficult Women: A History of Feminism in 11 Fights,Helen   Lewis
Vagabonds!,Eloghosa Osunde
Lease on Love,Falon Ballard
Rebel,S. Massery
The Oleander Sword,Tasha Suri
Burn,Patrick Ness
You Should See Me in a Crown,Leah  Johnson
Santiago's Road Home,Alexandra  Diaz
"For the First Time, Again",Sylvain Neuvel
Blood Heir,Ilona Andrews
Wildfire,Hannah  Grace
"Be Water, My Friend: The True Teachings of Bruce Lee",Shannon Lee
A Fae's Two Alphas,Jem Zero
The Unforgettable Logan Foster,Shawn  Peters
"The Rise and Reign of the Mammals: A New History, from the Shadow of the Dinosaurs to Us",Steve Brusatte
Her Majesty's Royal Coven,Juno  Dawson
Angels Adrift,Alice Duncan
The Seed Keeper,Diane         Wilson
What Stars Are Made of,Sarah  Allen
First Down,Grace Reilly
What Big Teeth,Rose Szabo
A Princess for Christmas,Jenny  Holiday
"Αντι-γόνη, Αντι-θεός, Αντι-τύραννος",Σάββας Μιχαήλ
Between Two Kingdoms: A Memoir of a Life Interrupted,Suleika Jaouad
Musical Chairs,Amy Poeppel
"Keep Moving: Notes on Loss, Creativity, and Change",Maggie  Smith
Just Pursuit: A Black Prosecutor's Fight for Fairness,Laura Coates
Lote,Shola von Reinhold
Pretty Little Wife,Darby Kane
Flyaway,Kathleen Jennings
I Have Something to Tell You,Chasten Glezman Buttigieg
Count Your Lucky Stars,Alexandria Bellefleur
Transcendent: Art and Dharma in a Time of Collapse,Curtis White
When the Moon Turns Blue,Pamela Terry
Unfair Play: The Battle For Women's Sport,Sharron Davies
Slewfoot: A Tale of Bewitchery,Brom
21 Grams,M.  Regan
When These Mountains Burn,David    Joy
"After We Gazed at the Starry Sky, Vol. 1",Bisco Kida
Otherlands: A Journey Through Earth's Extinct Worlds,Thomas Halliday
The Magnolia Palace,Fiona  Davis
And Then She Fell,Alicia Elliott
Stealing Home,Grace Reilly
The Woman Before Wallis,Bryn Turnbull
Faucian Bargain: The Most Powerful and Dangerous Bureaucrat in American History,Steve Deace
Καλλίμορφη,Μιχάλης Μανωλιός
The King of Faerie,A.J. Lancaster
The Queen of the Cicadas,V. Castro
Reel,Kennedy Ryan
The Layover,Lacie Waldon
Two Nights in Lisbon,Chris  Pavone
The Night Ship,Jess Kidd
The Sex Lives of African Women,Nana Darkoa Sekyiamah
Gender-Critical Feminism,Holly Lawford-Smith
The Redpoint Crux,Morgan Shamy
Hang the Moon,Alexandria Bellefleur
Realm Breaker,Victoria Aveyard
Millionaires for the Month,Stacy McAnulty
The Killing Hills,Chris Offutt
Everything for You,Chloe Liese
Natrium Chlorid,Jussi Adler-Olsen
Chevreuse,Patrick Modiano
Harlem Sunset,Nekesa Afia
"Cold, Cold Bones",Kathy Reichs
The Last Bloodcarver,Vanessa Le
Firebreak,Nicole Kornher-Stace
The Great Gatsby: The Graphic Novel,Fred Fordham
Η πολιτεία Λαβύρινθος,Αργύρης Χιόνης
Plague of Corruption: Restoring Faith in the Promise of Science,Kent Heckenlively
Tilly and the Lost Fairytales,Anna     James
"Miss Moriarty, I Presume?",Sherry Thomas
One-Eyed Jax,R.A. Salvatore
Shifting the Silence,Etel Adnan
Arizona SB 1070:  An Act,Ryan  Clark
Growing Up Disabled in Australia,Carly Findlay
A Death so Sweet: Collection One: Books 1 - 3,Candace Wondrak
Payback's a Witch,Lana Harper
Kiss & Tell,Adib Khorram
The Original,Brandon Sanderson
Serenade,Morgan Shamy
Om könets existens,Kajsa Ekis Ekman
A House with Good Bones,T. Kingfisher
If Only You,Chloe Liese
The Social Graces,Renée Rosen
Wicked As You Wish,Rin Chupeco
The Women,Kristin Hannah
The Blood Traitor,Lynette Noni
"Fallout: Nuclear Bribes, Russian Spies, and the Washington Lies that Enriched the Clinton and Biden Dynasties",John Solomon
Escape From Aurora,Jamie Littler
Tilly and the Map of Stories,Anna     James
The Thousand Crimes of Ming Tsu,Tom  Lin
Αστικό ελάφι,Μαρία Κουλούρη
The Bombay Prince,Sujata Massey
"Feminism, Interrupted: Disrupting Power",Lola Olufemi
Hench,Natalie Zina Walschots
Bitch: On the Female of the Species,Lucy Cooke
Ghosting: A Love Story,Tash Skilton
The Suspect,Kathryn Croft
The Prettiest,Brigit Young
Cursed Bread,Sophie Mackintosh
Etude,Morgan Shamy
Rainbow Milk,Paul Mendez
These Thin Lines,Milena McKay
With You Forever,Chloe Liese
The Elf Beside Himself,K.M. Avery
The Putin Files: Excursions Around the Ideology of Pain,Wole Soyinka
Miss Aldridge Regrets,Louise Hare
The Burnout,Sophie Kinsella
Η φύλακας του ήλιου,Maja Lunde
Muse,Brittany Cavallaro
Glassheart,Katharine  Orton
Countdown to Socialism,Devin Nunes
The Unspoken Name,A.K. Larkwood
Δεύτερη νεότητα,Τώνια Τζιρίτα-Ζαχαράτου
Finna,Nate Marshall
A Fire like You,Upile Chisala
The Christie Affair,Nina de Gramont
Escape the Reaper,Ashley N. Rostek
Circus of Wonders,Elizabeth Macneal
A Counterfeit Suitor,Darcie Wilde
Ghost Mortem,Jane Hinchey
The Pink Hotel,Liska Jacobs
Promenade,Morgan Shamy
"We Are Bellingcat: Global Crime, Online Sleuths, and the Bold Future of News",Eliot Higgins
The House of Eve,Sadeqa Johnson
The Golem of Brooklyn,Adam Mansbach
Peaces,Helen Oyeyemi
Only and Forever,Chloe Liese
Sunshine: A Graphic Novel,Jarrett J. Krosoczka
The Barbizon: The Hotel That Set Women Free,Paulina Bren
Furysong,Rosaria Munda
Lunar New Year Love Story,Gene Luen Yang
Above all Things,Roslyn Sinclair
This Woven Kingdom,Tahereh Mafi
Εξημέρωση: Νεκρογραφία,Δημοσθένης Παπαμάρκος
The Companions,Katie M. Flynn
Mr. Gardiner and the Governess,Sally Britton
18 Tiny Deaths: The Untold Story of Frances Glessner Lee and the Invention of Modern Forensics,Bruce Goldfarb
The Traitor,V.S. Alexander
Paladin's Hope,T. Kingfisher
我們的最後進化 Our Last Evolution,傘下的人
The Midnight Bargain,C.L. Polk
Wild Honor,May Dawson
Endure the Pain,Ashley N. Rostek
The Displacements,Bruce Holsinger
Lone Women,Victor LaValle
Couplets,Maggie Millner
The Arsonists' City,Hala Alyan
Manifest,Brittany Cavallaro
The Wolf and the Woodsman,Ava Reid
Science Fictions,Stuart Ritchie
The Dark Between the Trees,Fiona  Barnett
Fear No Evil,James Patterson
Ever After Always,Chloe Liese
Better Than Expected,Haley Cass
Dead Dead Girls,Nekesa Afia
A Mirror Mended,Alix E. Harrow
Garbo,Robert    Gottlieb
La Corte del Eclipse,Claudia Ramírez Lomelí
The Spectrum Girl’s Survival Guide,Siena Castellon
Couple Found Slain: After a Family Murder,Mikita Brottman
The First Day of Spring,Nancy Tucker
Other People's Houses,Kelli Hawkins
In Her Shoes: Women of the Eighth: A Memoir and Anthology,Erin Darcy
"The Lazy Genius Way: Embrace What Matters, Ditch What Doesn't, and Get Stuff Done",Kendra Adachi
Fighter,S. Massery
Chapter and Curse,Elizabeth Penney
The Book of Accidents,Chuck Wendig
"Katharine Parr, the Sixth Wife",Alison Weir
A Lady Compromised,Darcie Wilde
Aesthetica,Allie Rowbottom
Just Like Home,Sarah Gailey
He Started It,Samantha  Downing
Your Brain is Always Listening,Daniel G. Amen
The Further Adventures of Sherlock Holmes - The Martian Menace,Eric Brown
Deadly Cross,James Patterson
Only When It's Us,Chloe Liese
The Hunter,Tana French
Twin Crowns,Catherine Doyle
Club 22,Tate James
Why Has Nobody Told Me This Before?,Julie      Smith
Crook Manifesto,Colson Whitehead
Camp Jupiter Classified: A Probatio's Journal,Rick Riordan
The Girl in His Shadow,Audrey  Blake
The Girl in the Mirror,Rose Carlyle
Panic Attack: Playing Politics with Science in the Fight Against COVID-19,Nicole Saphier
Dear Senthuran: A Black Spirit Memoir,Akwaeke Emezi
Sacred Honor,May Dawson
Warrior Fae,Caroline Peckham
Thistlefoot,GennaRose Nethercott
The Witness for the Dead,Katherine Addison
The German Heiress,Anika Scott
Always Only You,Chloe Liese
I Guess I Haven't Learned That Yet: Discovering New Ways of Living When the Old Ways Stop Working,Shauna Niequist
Anarchy,Tate James
Eyes that Kiss in the Corners,Joanna Ho
Las Memorias de Fenrai,Claudia Ramírez Lomelí
The Gilded Cage,Lynette Noni
Confessions on the 7:45,Lisa Unger
The Chief Witness: escape from China’s modern-day concentration camps,Sayragul Sauytbay
How I Saved the World,Jesse Watters
Girl A,Abigail Dean
Five Tuesdays in Winter,Lily King
"The Abolition of Sex: How the ""Transgender"" Agenda Harms Women and Girls",Kara Dansky
Stranger Faces,Namwali Serpell
The Archive of the Forgotten,A.J. Hackwith
"Rogues: True Stories of Grifters, Killers, Rebels and Crooks",Patrick Radden Keefe
The Grief of Stones,Katherine Addison
"Really Good, Actually",Monica Heisey
The Nightmare Man,J.H. Markert
Bone Music,David Almond
Forget Me Not,Julie  Soto
Honor,Thrity Umrigar
Jade Fire Gold,June C.L. Tan
7th Circle,Tate James
Again and Again,Jonathan Evison
The Third Pole: My Everest climb to find the truth about Mallory and Irvine,Mark Synnott
Overboard,Sara Paretsky
First Comes Like,Alisha Rai
Our Crooked Hearts,Melissa Albert
Obit,Victoria Chang
Infamous,Lex Croucher
Velvet Was the Night,Silvia Moreno-Garcia
Mrs. Nash's Ashes,Sarah   Adler
Lightbringer,Claire Legrand
Timber,Tate James
Junior High,Tegan Quin
Little Disasters,Sarah Vaughan
His Only Wife,Peace Adzo Medie
Einstein: Die fantastische Reise einer Maus durch Raum und Zeit,Torben Kuhlmann
The Royals Next Door,Karina Halle
The End of the World is Flat,Simon Edge
Close Up,Amanda Quick
A Ruin of Roses,K.F. Breene
Spells for Forgetting,Adrienne Young
Gouda Friends,Cathy Yardley
The Comfort Book,Matt Haig
Maeve Fly,C.J. Leede
Sherlock Holmes & The Three Winter Terrors,James Lovegrove
A Black Women's History of the United States,Daina Ramey Berry
The Lost Dreamer,Lizz Huerta
Camp Zero,Michelle Min Sterling
Character: The History of a Cultural Obsession,Marjorie Garber
The Littlest Yak,Lu Fraser
A Single Rose,Muriel Barbery
The Golden Couple,Greer Hendricks
Why the Germans Do it Better: Notes from a Grown-Up Country,John Kampfner
A ​Sky Beyond the Storm,Sabaa Tahir
Save Me,Ashley N. Rostek
The Memory Collectors,Kim Neville
Maureen,Rachel Joyce
Please Join Us,Catherine McKenzie
China,Edward Rutherfurd
Asterix and the Griffin,Jean-Yves Ferri
The Last Fallen Star,Graci Kim
VenCo,Cherie Dimaline
The Long Slide: Thirty Years in American Journalism,Tucker Carlson
The Nameless Ones,John Connolly
1000 Serpentinen Angst,Olivia Wenzel
Wrapped Up in You,Talia Hibbert
The Secret of the Lost Pearls,Darcie Wilde
Piñata,Leopoldo Gout
Parachutes,Kelly Yang
Age of Vice,Deepti Kapoor
A Forgery of Roses,Jessica S. Olson
I Was Told It Would Get Easier,Abbi Waxman
The Soul of a Woman,Isabel Allende
The Psychology of Money,Morgan Housel
Elixir,Ellen Goodlett
The Selected Works of Audre Lorde,Audre Lorde
Sword in the Stars,A.R. Capetta
NSFW,Isabel Kaplan
The Making of Another Major Motion Picture Masterpiece,Tom Hanks
A History of What Comes Next,Sylvain Neuvel
Zero Days,Ruth Ware
So Late in the Day,Claire Keegan
Wicked Serve,Grace Reilly
The Reunion,Kayla Olson
Lost in Thought: The Hidden Pleasures of an Intellectual Life,Zena Hitz
Three Words for Goodbye,Hazel Gaynor
A Brilliant Night of Stars and Ice,Rebecca Connolly
The Sweet Spot,Amy Poeppel
This Woman's Work: Essays on Music,Sinéad Gleeson
The Secret Lives of Country Gentlemen,K.J. Charles
Forging Silver into Stars,Brigid Kemmerer
Caged Wolf,Caroline Peckham
Why Didn't You Tell Me?,Carmen Rita Wong
The Deep Places: A Memoir of Illness and Discovery,Ross Douthat
The Last Grand Duchess,Bryn Turnbull
Golden Chaos,Colette Rhodes
Ordinary Monsters,J.M. Miro
Cosmoknights Book Two,Hannah Templer
A Stranger at the Door,Jason Pinter
Forever and a Day - A Those Who Wait story,Haley Cass
The Shamshine Blind,Paz Pardo
Alpha Wolf,Caroline Peckham
Tardes de otoño,Joana Marcús
The Sea Glass Cottage,RaeAnne Thayne
Journey to the West: A Long March from Eastern Dream to Western Reality,Biao  Wang
The Past Is Red,Catherynne M. Valente
Only Birds Above,Portland Jones
Haven,Emma Donoghue
Vagablonde,Anna  Dorn
Such a Quiet Place,Megan Miranda
The Forevers,Chris  Whitaker
The Last Remains,Elly Griffiths
Beasts and Beauty,Soman Chainani
"Wrong Number, Right Woman",Jae
Sempiterno,Joana Marcús
The Friendship List,Susan Mallery
"Red, White, and Black: Rescuing American History from Revisionists and Race Hustlers",Robert  L.  Woodson Sr.
The Speckled Beauty: A Dog and His People,Rick Bragg
The Santa Suit,Mary Kay Andrews
Beautiful Little Fools,Jillian Cantor
Here in the Real World,Sara Pennypacker
The Bone Shard Emperor,Andrea Stewart
The Girl from Widow Hills,Megan Miranda
Pay Dirt,Sara Paretsky
The Invention of Sound,Chuck Palahniuk
Near the Bone,Christina Henry
Angelika Frankenstein Makes Her Match,Sally  Thorne
Toxic Superfoods: How Oxalate Overload Is Making You Sick— And How to Get Better,Sally K. Norton MPH
They Said They Wanted Revolution: A Memoir of My Parents,Neda Toloui-Semnani
Etéreo,Joana Marcús
Irresistible Revolution: Marxism's Goal of Conquest & the Unmaking of the American Military,Matthew Lohmeier
Chaos at Prescott High,C.M. Stunich
The Subtweet,Vivek Shraya
Every Bone a Prayer,Ashley Blooms
People From My Neighbourhood,Hiromi Kawakami
Maniac: The Bath School Disaster and the Birth of the Modern Mass Killer,Harold Schechter
Thank You for Listening,Julia  Whelan
The Unfolding,A.M. Homes
Sabotage,Shantel Tessier
After The Revolution,Robert   Evans
Vendida,Axael Velasquez
Hill Women: Finding Family and a Way Forward in the Appalachian Mountains,Cassie Chambers
A Dangerous Kind of Lady,Mia Vincy
"Speaking for Myself: Faith, Freedom, and the Fight of Our Lives Inside the Trump White House",Sarah Huckabee Sanders
The Christmas Pig,J.K. Rowling
The Way of Dog,Zana Fraillon
女神自助餐,劉芷妤
Girl Gone Viral,Alisha Rai
Dangerous Honor,May Dawson
The Ladies of the Secret Circus,Constance Sayers
"The World Keeps Ending, and the World Goes On",Franny Choi
Nora Goes Off Script,Annabel Monaghan
Dogboy v Catfish,Luke Gracias
"Anti-Inflammatory Diet Solution: Heal Your Immune System, Boost Your Brain, Strengthen Your Heart",Stig Bengmark
Carnage,Shantel Tessier
Raybearer,Jordan Ifueko
Fight of the Century: Writers Reflect on 100 Years of Landmark ACLU Cases,Michael Chabon
Pando: A Living Wonder of Trees,Kate Allen  Fox
The Collector’s Daughter: A gripping and sweeping tale of unforgettable discoveries and unforgiveable secrets for 2021,Gill Paul
"Disfigured: On Fairy Tales, Disability, and Making Space",Amanda Leduc
The Girls I've Been,Tess Sharpe
Fire in Paradise: An American Tragedy,Alastair Gee
The House Across the Lake,Riley Sager
Code Name Sapphire,Pam Jenoff
Vesper Flights,Helen Macdonald
The End of the World Is Just the Beginning: Mapping the Collapse of Globalization,Peter Zeihan
The Most Beautiful Girl in Cuba,Chanel Cleeton
The Sinner,Shantel Tessier
"Eva Evergreen, Semi-Magical Witch",Julie Abe
Twisted Love,Ana Huang
Doom: The Politics of Catastrophe,Niall Ferguson
The Ogress and the Orphans,Kelly Barnhill
Gilded Mess,Colette Rhodes
Impatient Griselda,Margaret Atwood
Is Mother Dead,Vigdis Hjorth
Sisters Under the Rising Sun,Heather   Morris
Dinosaurs: 10 Things You Should Know,Dean R. Lomax
Our American Friend,Anna Pitoniak
Carnival Hill,Caroline Peckham
Lila and Hadley,Kody Keplinger
"We Thought We Knew You: A Terrifying True Story of Secrets, Betrayal, Deception, and Murder",M. William Phelps
The Merciless Ones,Namina Forna
Thief,S. Massery
Shiner,Amy Jo Burns
All My Knotted-Up Life: A Memoir,Beth Moore
Those We Thought We Knew,David    Joy
"Drop Acid: The Surprising New Science of Uric Acid―The Key to Losing Weight, Controlling Blood Sugar, and Achieving Extraordinary Health",David Perlmutter
Paradise Lagoon,Caroline Peckham
Disability Visibility: First-Person Stories from the Twenty-first Century,Alice  Wong
"The Deep Rig: How Election Fraud Cost Donald J. Trump the White House, By a Man Who did not Vote for Him",Patrick M. Byrne
Cleanness,Garth Greenwell
Forbidden Honor,May Dawson
An Indiscreet Princess,Georgie Blalock
Cult Classic,Sloane Crosley
The Haunting Season: Ghostly Tales for Long Winter Nights,Bridget Collins
A Vow So Bold and Deadly,Brigid Kemmerer
Plain Bad Heroines,Emily M. Danforth
Wicked Heart,Candace Wondrak
The Blue Butterfly,Leslie Johansen Nack
Iona Iverson's Rules for Commuting,Clare Pooley
A Marvellous Light,Freya Marske
The Upgrade: How the Female Brain Gets Stronger and Better in Midlife and Beyond,Louann Brizendine
The Happy Ever After Playlist,Abby Jimenez
Heartless Sky,Caroline Peckham
Earth Keeper: Reflections on the American Land,N. Scott Momaday
Unmasked: Inside Antifa's Radical Plan to Destroy Democracy,Andy Ngo
Violent Heart,Candace Wondrak
Happy Hour,Jacquie Byron
Misfit in Love,S.K. Ali
Choice,Jodi Picoult
Love in the Time of Bertie,Alexander McCall Smith
Symphony of Secrets,Brendan Slocumb
Hello Stranger,Katherine Center
Fated Throne,Caroline Peckham
Itty-Bitty Kitty-Corn: A Picture Book,Shannon Hale
"Bright Lights, Prairie Dust: Reflections on Life, Loss, and Love from Little House's Ma",Karen Grassle
Partners in Crime,Alisha Rai
Vladimir,Julia May Jonas
Radar Girls,Sara  Ackerman
The Storyteller: Tales of Life and Music,Dave Grohl
Her Radiant Curse,Elizabeth Lim
Cursed Fates,Caroline Peckham
I Want to Be Where the Normal People Are,Rachel Bloom
The Unwilling,John Hart
Gods & Monsters,Shelby Mahurin
The American Adventuress,C.W. Gortner
Alexandria: The Quest for the Lost City,Edmund  Richardson
While Justice Sleeps,Stacey Abrams
Strike the Zither,Joan He
Shadow Princess,Caroline Peckham
Blackout: How Black America Can Make Its Second Escape from the Democrat Plantation,Candace Owens
Künstlers in Paradise,Cathleen Schine
"Spy x Family, Vol. 8",Tatsuya Endo
Light Rains Sometimes Fall: A British Year Through Japan's 72 Seasons,Lev Parikian
The Secret Book of Flora Lea,Patti Callahan Henry
The School for Good Mothers,Jessamine Chan
The Road Trip,Beth O'Leary
The Eighth Detective,Alex Pavesi
The Last Green Valley,Mark T. Sullivan
Among the Beasts & Briars,Ashley Poston
Vicious Fae,Caroline Peckham
Steel Fear,Brandon Webb
In Pursuit of Love: One Woman’s Journey from Trafficked to Triumphant,Rebecca   Bender
"Moon Witch, Spider King",Marlon James
Embrace the Darkness,Ashley N. Rostek
"Spy x Family, Vol. 7",Tatsuya Endo
Those Empty Eyes,Charlie Donlea
You Let Me In,Camilla  Bruce
Under a White Sky: The Nature of the Future,Elizabeth Kolbert
Mirrorland,Carole Johnstone
Bookish and the Beast,Ashley Poston
Broken Fae,Caroline Peckham
A Touch of Chaos,Scarlett St.  Clair
Black Cloud Rising,David Wright Faladé
"Spy x Family, Vol. 6",Tatsuya Endo
Did I Ever Tell You This?,Sam Neill
Subtle Blood,K.J. Charles
After the Fall: Being American in the World We've Made,Ben  Rhodes
The Women of Chateau Lafayette,Stephanie Dray
A Lighted Lamp: Scenes of Christmas Through Time,Donna Fletcher Crow
What Souls Are Made Of: A Wuthering Heights Remix,Tasha Suri
Dynasty,Sheridan Anne
"Spy x Family, Vol. 4",Tatsuya Endo
Liberation Day,George Saunders
The Murder Rule,Dervla McTiernan
"Not Forever, But For Now",Chuck Palahniuk
The Sugared Game,K.J. Charles
"Joe Biden: The Life, the Run, and What Matters Now",Evan Osnos
When We Were Infinite,Kelly Loy Gilbert
The Scepter,J.  Bree
Majesty,Katharine McGee
The Inheritance of Orquídea Divina,Zoraida Córdova
The Bookshop of Second Chances,Jackie Fraser
Lucky Red,Claudia Cravens
Normal Rules Don't Apply,Kate Atkinson
Slippery Creatures,K.J. Charles
Apollo's Arrow: The Profound and Enduring Impact of Coronavirus on the Way We Live,Nicholas A. Christakis
"How to Do the Work: Recognize Your Patterns, Heal from Your Past, and Create Your Self",Nicole LePera
Lightning Strike,William Kent Krueger
Today a Woman Went Mad in the Supermarket: Stories,Hilma Wolitzer
Queen Crow,J.  Bree
Deity,Sheridan Anne
Love Betrayal Murder,Adam Mitzner
The Good Servant,Fern Britton
Before I Saw You,Emily Houghton
Private Rogue,James Patterson
Un-Trumping America: A Plan to Make America a Democracy Again,Dan Pfeiffer
The Steel Beneath the Silk,Patricia Bracewell
Finlay Donovan Rolls the Dice,Elle Cosimano
No Land to Light On,Yara Zgheib
Damaged,Sheridan Anne
A Libertarian Walks Into a Bear: The Utopian Plot to Liberate an American Town,Matthew Hongoltz-Hetling
Chlorine Sky,Mahogany L. Browne
Only the Beautiful,Susan Meissner
The Witches of Vardø,Anya Bergman
Leslie F*cking Jones,Leslie     Jones
Emily Wilde’s Map of the Otherlands,Heather Fawcett
"Faye, Faraway",Helen   Fisher
Deviant,Sheridan Anne
The Recent East,Thomas Grattan
When the Tiger Came Down the Mountain,Nghi Vo
A Light in the Flame,Jennifer L. Armentrout
X,Davey Davis
Bless the Daughter Raised by a Voice in Her Head: Poems,Warsan Shire
Homestead,Melinda Moustakis
The Unsettled,Ayana Mathis
How Can I Help You,Laura Sims
The Scorpion's Tail,Douglas Preston
A Place to Hang the Moon,Kate Albus
"Earl, Honey",D.S. Getson
The Golden Spoon,Jessa Maxwell
The Final Case,David Guterson
Ruined,Sarah Vaughn
Keep Sharp: Build a Better Brain at Any Age,Sanjay Gupta
The Coven,Harper L. Woods
Burma Sahib,Paul Theroux
Blood and Treasure: Daniel Boone and the Fight for America's First Frontier,Bob Drury
The Dare,Elle Kennedy
Tragic Bonds,J.  Bree
"Let's Play, Vol. 2",Leeanne M. Krecic
The Quiet Tenant,Clémence Michallon
The Lost Cause,Cory Doctorow
Bad Cruz,L.J. Shen
The Duchess Hunt,Lorraine Heath
Group: How One Therapist and a Circle of Strangers Saved My Life,Christie Tate
The Cursed,Harper L. Woods
Infinitum,Tim  Fielder
Where the Truth Lives,Mia Sheridan
Ten Lessons for a Post-Pandemic World,Fareed Zakaria
Resurrection,Siobhan Davis
The Traitor Queen,Danielle L. Jensen
All's Well,Mona Awad
Sleep No More,Jayne Ann Krentz
Dear Ava,Ilsa Madden-Mills
2034: A Novel of the Next World War,Elliot Ackerman
Rebellion,Siobhan Davis
Playboy Princes,Jaymin Eve
Our Lady of Perpetual Hunger: A Memoir,Lisa Donovan
His & Hers,Alice Feeney
They Knew: How a Culture of Conspiracy Keeps America Complacent,Sarah Kendzior
Dance Away with Me,Susan Elizabeth Phillips
The Twin Paradox,Charles Wachter
Reign,Siobhan Davis
Florence Adler Swims Forever,Rachel Beanland
"The Ride of Her Life: The True Story of a Woman, Her Horse, and Their Last-Chance Journey Across America",Elizabeth Letts
Poison Throne,Jaymin Eve
This Is My America,Kim  Johnson
Kismet,Amina Akhtar
Choosing Brave: How Mamie Till-Mobley and Emmett Till Sparked the Civil Rights Movement (Caldecott Honor Book),Angela Joy
Marriage and Murder,Penny Reid
The Blackout Book Club,Amy Lynn Green
Knockout,Sarah MacLean
The Vanished Queen,Lisbeth Campbell
The Great Divide,Cristina Henríquez
Lady of Darkness,Melissa K. Roehrich
Once Bitten,Linsey Hall
Bad Fat Black Girl: Notes from a Trap Feminist,Sesali Bowen
"In Mercy, Rain",Seanan McGuire
Engagement and Espionage,Penny Reid
Always Never,Jordi Lafebre
Evil Geniuses: The Unmaking of America,Kurt Andersen
Lady of Shadows,Melissa K. Roehrich
Flames of Chaos,Amelia Hutchins
The Summer of June,Jamie Sumner
The Aquanaut: A Graphic Novel,Dan Santat
Not That Duke,Eloisa James
"Democracy in One Book or Less: How It Works, Why It Doesn’t, and Why Fixing It Is Easier Than You Think",David Litt
Haunting Adeline,H.D. Carlton
Credence,Penelope Douglas
Death in her Hands,Ottessa Moshfegh
The Last to Vanish,Megan Miranda
Where the Drowned Girls Go,Seanan McGuire
The Mother Code,Carole Stivers
Hunting Adeline,H.D. Carlton
The Brother Years,Shannon Burke
Stepbrothers' Darling,K.A. Knight
"False Alarm: How Climate Change Panic Costs Us Trillions, Hurts the Poor, and Fails to Fix the Planet",Bjørn Lomborg
My Heart Is a Chainsaw,Stephen Graham Jones
Trust,Hernan Diaz
Ambush or Adore,Gail Carriger
Journey of the Pharaohs,Clive Cussler
The Book of Azrael,Amber V. Nicole
Time Is a Mother,Ocean Vuong
The Boys,Katie Hafner
Unspeakable: The Tulsa Race Massacre,Carole Boston Weatherford
"The Storm Before the Calm: America's Discord, the Coming Crisis of the 2020s, and the Triumph Beyond",George Friedman
The Ghost Orchid,Jonathan Kellerman
The Throne of Broken Gods,Amber V. Nicole
Where Snow Angels Go,Maggie O'Farrell
Lapvona,Ottessa Moshfegh
The End of Mental Illness,Daniel G. Amen
Eddie's Boy,Thomas Perry
We Ride Upon Sticks,Quan Barry
O Beautiful,Jung Yun
Murder on an Irish Farm,Carlene O'Connor
Attack Surface,Cory Doctorow
The XX Brain,Lisa Mosconi
"Suppression, Deception, Snobbery, and Bias: Why the Press Gets So Much Wrong—And Just Doesn't Care",Ari Fleischer
Tiny Nightmares: Very Short Stories of Horror,Lincoln Michel
The Sorcerer of Pyongyang,Marcel Theroux
Angel & Hannah: A Novel in Verse,Ishle Park
"The Dying Citizen: How Progressive Elites, Tribalism, and Globalization Are Destroying the Idea of America",Victor Davis Hanson
Kent State: Four Dead in Ohio,Derf Backderf
2030: How Today's Biggest Trends Will Collide and Reshape the Future of Everything,Mauro F. Guillén
Funny Story,Emily Henry
The Letters of Shirley Jackson,Shirley Jackson
Ghost Forest,Pik-Shuen Fung
The Magic Kingdom,Russell Banks
I Know Who You Are: How an Amateur DNA Sleuth Unmasked the Golden State Killer and Changed Crime Fighting Forever,Barbara Rae-Venter
The Barnabus Project,Eric Fan
Seabreeze Sunset,Jan Moran
Witch Please,Ann Aguirre
Angry God,L.J. Shen
"Laptop from Hell: Hunter Biden, Big Tech, and the Dirty Secrets the President Tried to Hide",Miranda Devine
"Polysecure: Attachment, Trauma and Consensual Nonmonogamy",Jessica Fern
Ophelia After All,Racquel Marie
If It Sounds Like a Quack...: A Journey to the Fringes of American Medicine,Matthew Hongoltz-Hetling
Dirty Laundry,Disha Bose
Poesy the Monster Slayer,Cory Doctorow
The Weaver and the Witch Queen,Genevieve Gornichec
The Graham Effect,Elle Kennedy
Kiss of the Blood Prince,Alessa Thorn
Don't Burn This Country: Surviving and Thriving in Our Woke Dystopia,Dave  Rubin
Interior Chinatown,Charles Yu
None of This Is True,Lisa Jewell
The Cat Man of Aleppo,Irene Latham
American Marxism,Mark R. Levin
The Awakening as Told by the Boys,Caroline Peckham
The Great Stink: How Joseph Bazalgette Solved London's Poop Pollution Problem,Colleen Paeff
Reef Road,Deborah Goodrich Royce
Demon Daughter,Lois McMaster Bujold
Bad Lands,Stacey Marie Brown
Searching for Savanna: The Murder of One Native American Woman and the Violence Against the Many,Mona Gable
Black Sunshine,Karina Halle
What Lies in the Woods,Kate Alice Marshall
"Saga, Volume 11",Brian K. Vaughan
Dead Lands,Stacey Marie Brown
Kurangaituku,Whiti Hereaka
Things Have Gotten Worse Since We Last Spoke and Other Misfortunes,Eric LaRocca
"Saga, Volume 10",Brian K. Vaughan
Wild Lands,Stacey Marie Brown
The Conjurer,Luanne G. Smith
Patricia Wants to Cuddle,Samantha  Allen
Trinity,Shayne Silvers
Savage Lands,Stacey Marie Brown
A Trial of Sorcerers,Elise Kova
"Wynd, Book One: The Flight of the Prince",James Tynion IV
Blood Lands,Stacey Marie Brown
The Great Sex Rescue: The Lies You've Been Taught and How to Recover What God Intended,Sheila Wray Gregoire
The Kind Worth Saving,Peter  Swanson
Marrow,Trisha Wolfe
I Will Judge You by Your Bookshelf,Grant Snider
Ruining Dahlia,C.R. Jane
A Game of Fate,Scarlett St.  Clair
Little Witch Hazel: A Year in the Forest,Phoebe Wahl
"Scattershot: Life, Music, Elton, and Me",Bernie Taupin
Uncultured: A Memoir,Daniella Mestyanek Young
The Roommate,Rosie Danan
"Political Prisoner: Persecuted, Prosecuted, but Not Silenced",Paul Manafort
Crooked Heart,Candace Wondrak
Murder Book,Thomas Perry
Fox Creek,William Kent Krueger
The Case Against the Sexual Revolution: A New Guide to Sex in the 21st Century,Louise Perry
Shadowed Heart,Candace Wondrak
Swamp Story,Dave Barry
"Dear William: A Father's Memoir of Addiction, Recovery, Love, and Loss",David  Magee
Strange Sally Diamond,Liz Nugent
The Incredible Winston Browne,Sean Dietrich
How to Raise an Elephant: No. 1 Ladies' Detective Agency  (No. 1 Ladies' Detective Agency Series),Alexander McCall Smith
The Emperor's Sword,Andrew Klavan
The Cuban Heiress,Chanel Cleeton
Mrs. Porter Calling,A.J. Pearce
The Glamourist,Luanne G. Smith
A Kingdom of Ruin,K.F. Breene
Woke Racism: How a New Religion Has Betrayed Black America,John McWhorter
"Bad, Bad Seymour Brown",Susan Isaacs
Invisible Girl,Lisa Jewell
A Net for Small Fishes,Lucy Jago
Breath Better Spent: Living Black Girlhood,DaMaris B. Hill
A Throne of Ruin,K.F. Breene
What Is a Woman?: One Man's Journey to Answer the Question of a Generation,Matt  Walsh
The End of Her,Shari Lapena
Unbroken Bonds,J.  Bree
The Dancer and the Devil: Stalin and the Murder of Anna Pavlova,John E. O'Neill
Unnatural Death,Patricia Cornwell
The Beach at Summerly,Beatriz Williams
"Wow, No Thank You.: Essays",Samantha Irby
Forced Bonds,J.  Bree
Cotswolds Holiday,Kasey Stockton
The Perfect Neighborhood,Liz Alterman
Hotline,Dimitri Nasrallah
A Queen of Ruin,K.F. Breene
The Greatest Evil is War,Chris Hedges
Gone Tonight,Sarah Pekkanen
All Good People Here,Ashley Flowers
All Hail,J.  Bree
Lost in Trans Nation: A Child Psychiatrist's Guide Out of the Madness,Miriam Grossman
The Heiress,Rachel Hawkins
The Butcher of the Bay: Part I,J.  Bree
Find You First,Linwood Barclay
Tom Lake,Ann Patchett
Blood Money: Why the Powerful Turn a Blind Eye While China Kills Americans,Peter Schweizer
Things We Do in the Dark,Jennifer Hillier
Sunflower Sisters,Martha Hall Kelly
The Ruthless,J.  Bree
The Mistress of Bhatia House,Sujata Massey
Blood Bonds,J.  Bree
Nightwork,Nora Roberts
Happiness Falls,Angie  Kim
Shadows of Pecan Hollow,Caroline   Frost
"Everything I Learned, I Learned in a Chinese Restaurant",Curtis Chin
Savage Bonds,J.  Bree
Take Your Breath Away,Linwood Barclay
Fortune and Glory,Janet Evanovich
Wings of Fury,Emily R. King
Regressive,Angel Lawson
Look Closer,David Ellis
The Bread the Devil Knead,Lisa Allen-Agostini
The Split,Sharon J. Bolton
Game On: Tempting Twenty-Eight,Janet Evanovich
Dead of Spring: A Hades and Persephone Retelling,Colette Rhodes
The Local,Joey  Hartstone
"Waco Rising: David Koresh, the FBI, and the Birth of America's Modern Militias",Kevin Cook
Life Sentence,A.K.   Turner
It Ends With Violence,Elle Thorpe
The Soulmate,Sally Hepworth
Love Marriage,Monica Ali
The Lives of Edie Pritchard,Larry Watson
F*ckboy Psychos,C.M. Stunich
Gentle and Lowly: The Heart of Christ for Sinners and Sufferers,Dane C. Ortlund
Unholy Terrors,C.M. Stunich
What Happened to the Bennetts,Lisa Scottoline
Northern Spy,Flynn Berry
Troubled: The Failed Promise of America's Behavioral Treatment Programs,Kenneth R. Rosen
The Foundling,Ann Leary
The Diamond Eye,Kate Quinn
"I Am a Girl from Africa: A Memoir of Empowerment, Community, and Hope",Elizabeth Nyamayaro
The Mermaid from Jeju,Sumi Hahn
Good Eggs,Rebecca Hardiman
