wikipedia_id,wikipedia_key,wikipedia_title,title,thumbnail
70746981,Bridgerton_(novel_series),Bridgerton (novel series),Bridgerton,https://image.tmdb.org/t/p/w500/luoKpgVwi1E5nQsi7W0UuKHu2Rq.jpg
77052250,Dancing_for_the_Devil:_The_7M_TikTok_Cult,Dancing for the Devil: The 7M TikTok Cult,Dancing for the Devil: The 7M TikTok Cult,https://image.tmdb.org/t/p/w500/ybuDMeRLa6qkoAtn6IhKQLJyEf.jpg
73455335,Eric_(miniseries),Eric (miniseries),Eric,https://image.tmdb.org/t/p/w500/9OV6McrRh1BAnrak3yVP9xYuUId.jpg
75277169,Jurassic_World:_Chaos_Theory,Jurassic World: Chaos Theory,Jurassic World: Chaos Theory,https://image.tmdb.org/t/p/w500/c2Od0cY2IeayDj5osUxZSAD1QK.jpg
74712683,Geek_Girl_(TV_series),Geek Girl (TV series),Geek Girl,https://image.tmdb.org/t/p/w500/g9v0yiDRpx6KQ3EGKDSAdFoNN0y.jpg
76993765,Tires_(TV_series),Tires (TV series),Tires,https://image.tmdb.org/t/p/w500/cNHTFUV39qyEsm7edSaJdSqJYtJ.jpg
70519440,Queen_Charlotte:_A_Bridgerton_Story,Queen Charlotte: A Bridgerton Story,Queen Charlotte: A Bridgerton Story,https://image.tmdb.org/t/p/w500/eR7btjpvOugivUYSoEsD2iAOYsJ.jpg
71952237,Baby_Reindeer,Baby Reindeer,Baby Reindeer,https://image.tmdb.org/t/p/w500/e5MUdXRjl90Up5dAEdvsGs4zAAS.jpg
77019092,Raising_Voices_(TV_series),Raising Voices (TV series),Raising Voices,https://image.tmdb.org/t/p/w500/lCU77Jp0iWN2e1WuSJvR7M35ebN.jpg
75543742,The_8_Show,The 8 Show,The 8 Show,https://image.tmdb.org/t/p/w500/sXSF14MJyBL3nUshdiN9gnKqSFA.jpg
74912363,Demon_Slayer:_Kimetsu_no_Yaiba_(TV_series),Demon Slayer: Kimetsu no Yaiba (TV series),Demon Slayer: Kimetsu no Yaiba,https://image.tmdb.org/t/p/w500/xUfRZu2mi8jH6SzQEJGP6tjBuYj.jpg
76418659,The_Atypical_Family,The Atypical Family,The Atypical Family,https://image.tmdb.org/t/p/w500/AnoQxxH3RoMRrUj5fm9SFRYlfxP.jpg
76731259,The_Life_You_Wanted,The Life You Wanted,The Life You Wanted,https://image.tmdb.org/t/p/w500/7MbDOh98R8bCfKuUNojWWY54gem.jpg
76453709,The_Asunta_Case,The Asunta Case,The Asunta Case,https://image.tmdb.org/t/p/w500/qXRQsxzKbgdK9TgyG0Zkboce4bJ.jpg
70489411,Queen_of_Tears,Queen of Tears,Queen of Tears,https://image.tmdb.org/t/p/w500/7ZXLZ3KYL3IVvsSHBZaHjcNQzNU.jpg
71135178,Bodkin_(TV_series),Bodkin (TV series),Bodkin,https://image.tmdb.org/t/p/w500/fvpYJkQaeon5kmxioIPHFmgA2v5.jpg
72726655,Maestro_in_Blue,Maestro in Blue,Maestro in Blue,https://image.tmdb.org/t/p/w500/tArsBIPvP90oUmP5fe9o8tNSwOq.jpg
76834035,The_Roast_of_Tom_Brady,The Roast of Tom Brady,The Roast of Tom Brady,
1041055,A_Man_in_Full,A Man in Full,A Man in Full,https://image.tmdb.org/t/p/w500/o6iM2JDs15CwEGEcNMUU8HtLivE.jpg
61549328,Blood_of_Zeus,Blood of Zeus,Blood of Zeus,https://image.tmdb.org/t/p/w500/zXRR5tgGLtKrRmuN4ko9SLAdCiZ.jpg
66091538,Kaiju_No._8,Kaiju No. 8,Kaiju No. 8,https://image.tmdb.org/t/p/w500/hxP5zubomplKlOZaXmgHd1P9WsN.jpg
57496738,Dr._Stone,Dr. Stone,Dr. Stone,https://image.tmdb.org/t/p/w500/xbZQ3fDl0y5mt0ARwfeyrgQ4JTw.jpg
71626572,Selling_the_OC,Selling the OC,Selling The OC,https://image.tmdb.org/t/p/w500/fFXa0EJy8FD7chTN7u7YNMHpDDw.jpg
5135198,Dead_Boy_Detectives,Dead Boy Detectives,Dead Boy Detectives,https://image.tmdb.org/t/p/w500/346ju9C5zy0tkzfQoetOYtM74gw.jpg
72174724,The_Gentlemen_(2024_TV_series),The Gentlemen (2024 TV series),The Gentlemen,https://image.tmdb.org/t/p/w500/tw3tzfXaSpmUZIB8ZNqNEGzMBCy.jpg
59327152,Jujutsu_Kaisen,Jujutsu Kaisen,Jujutsu Kaisen,https://image.tmdb.org/t/p/w500/fHpKWq9ayzSk8nSwqRuaAUemRKh.jpg
73026171,Frankly_Speaking_(TV_series),Frankly Speaking (TV series),Frankly Speaking,https://image.tmdb.org/t/p/w500/x6SBFzYpcg7JTvJoGe11E2TaGjr.jpg
68396786,3_Body_Problem_(TV_series),3 Body Problem (TV series),3 Body Problem,https://image.tmdb.org/t/p/w500/ykZ7hlShkdRQaL2aiieXdEMmrLb.jpg
75516555,Deliver_Me_(Swedish_TV_series),Deliver Me (Swedish TV series),Deliver Me,https://image.tmdb.org/t/p/w500/iqKS18KIHwoLpBVKgqqAPfAIat.jpg
70358038,Goodbye_Earth,Goodbye Earth,Goodbye Earth,https://image.tmdb.org/t/p/w500/i1LvLQSKRoGlU5egMHagDtsZ4K1.jpg
182544,Anthracite,Anthracite,Anthracite,https://image.tmdb.org/t/p/w500/i6qdl7ycf1dheDih4g7m3OiZRC6.jpg
75595959,Fiasco_(TV_series),Fiasco (TV series),Fiasco,https://image.tmdb.org/t/p/w500/fWMCScVRF1YJ0ofNl3CqZy9Z2hM.jpg
75048447,Brigands:_The_Quest_for_Gold,Brigands: The Quest for Gold,Brigands: The Quest for Gold,https://image.tmdb.org/t/p/w500/xD44FCYwkOeA5iwYu175cUQlVUi.jpg
76214216,The_Great_Indian_Kapil_Show,The Great Indian Kapil Show,The Great Indian Kapil Show,https://image.tmdb.org/t/p/w500/6LWtSm2VHfenFBMvmjG9GYgfvSd.jpg
60962720,The_Circle_(American_TV_series),The Circle (American TV series),The Circle,https://image.tmdb.org/t/p/w500/bQRxhfXXsH4ccScOBHs51bgwNe4.jpg
2596489,Heartbreak_High,Heartbreak High,Heartbreak High,https://image.tmdb.org/t/p/w500/6O6bKf7u4xJshV21hP1d9Bn7l0h.jpg
77154620,Bad_Dinosaurs,Bad Dinosaurs,Bad Dinosaurs,https://image.tmdb.org/t/p/w500/kI4rtv5LTy5kfLwo2rbb367RTW.jpg
75543888,Parasyte:_The_Grey,Parasyte: The Grey,Parasyte: The Grey,https://image.tmdb.org/t/p/w500/rubaKfmdCvWGPXErgW9aQsgzKVr.jpg
76507411,Midsummer_Night_(TV_series),Midsummer Night (TV series),Midsummer Night,https://image.tmdb.org/t/p/w500/f5XhnyvWuBMRstYWMHqiQ6bMSQB.jpg
76404779,The_Grimm_Variations,The Grimm Variations,The Grimm Variations,https://image.tmdb.org/t/p/w500/vUe5MtWND6WPdIh3fF7Xdx8coBt.jpg
62775900,Ripley_(TV_series),Ripley (TV series),RIPLEY,https://image.tmdb.org/t/p/w500/rpSo8z9alultGVTqQ3dkLEyU8xx.jpg
75363934,I_Woke_Up_a_Vampire,I Woke Up a Vampire,I Woke Up A Vampire,https://image.tmdb.org/t/p/w500/hUIYzEqMkcQeQIDGU86t2NPRH3E.jpg
76545090,Between_Lands,Between Lands,Between Lands,https://image.tmdb.org/t/p/w500/1Ea63e9yhMGKCTmRVvD5H9FZuUW.jpg
82842,Sex_and_the_City,Sex and the City,Sex and the City,https://image.tmdb.org/t/p/w500/tzVUZxNwntAS8Gk3WF2DCcI8x1B.jpg
70390084,Is_It_Cake?,Is It Cake?,Is It Cake?,https://image.tmdb.org/t/p/w500/nDohKinqCX0EudNNstxYWI730jI.jpg
72842339,Physical:_100,Physical: 100,Physical: 100,https://image.tmdb.org/t/p/w500/vl9XwsuGGzvbAWlHLTNTFIWcgK6.jpg
76239636,Furies_(TV_series),Furies (TV series),Furies,https://image.tmdb.org/t/p/w500/8sHKc6kNKjdhvHBP2c5zoSS16v5.jpg
123451,Homicide,Homicide,Homicide,https://image.tmdb.org/t/p/w500/vL44ejhfQ7xmEDXwvugeNdM4E0b.jpg
64860757,Avatar:_The_Last_Airbender_(2024_TV_series),Avatar: The Last Airbender (2024 TV series),Avatar The Last Airbender,https://image.tmdb.org/t/p/w500/lzZpWEaqzP0qVA5nkCc5ASbNcSy.jpg
65384970,Gabby's_Dollhouse,Gabby's Dollhouse,Gabby's Dollhouse,https://image.tmdb.org/t/p/w500/lyLvpLsC2WzBFZm2cIEn3VgKwEf.jpg
75616704,Buying_Beverly_Hills,Buying Beverly Hills,Buying Beverly Hills,https://image.tmdb.org/t/p/w500/8LmR7E020KAKNPJr1mXnuUKZQUK.jpg
76179748,Hot_Wheels_Let's_Race,Hot Wheels Let's Race,Hot Wheels Let's Race,https://image.tmdb.org/t/p/w500/6XMAEjJXTeEoJDcxv67Au1OH6Aa.jpg
76128903,Iron_Reign,Iron Reign,Iron Reign,https://image.tmdb.org/t/p/w500/fc1oDqW2Gi1vzzloMwcRFXgtjdM.jpg
44555475,My_Hero_Academia,My Hero Academia,My Hero Academia,https://image.tmdb.org/t/p/w500/phuYuzqWW9ru8EA3HVjE9W2Rr3M.jpg
9935705,The_Signal,The Signal,The Signal,https://image.tmdb.org/t/p/w500/AoDYkBwRtOZPwLPaqPxXTQx0WZk.jpg
419373,Monk_(TV_series),Monk (TV series),Monk,https://image.tmdb.org/t/p/w500/3axGMbUecXXOPSeG47v2i9wK5y5.jpg
76373333,Turning_Point:_The_Bomb_And_The_Cold_War,Turning Point: The Bomb And The Cold War,Turning Point: The Bomb and the Cold War,https://image.tmdb.org/t/p/w500/5XBYN5Sb0yBvvodwr8fJa7iyuo2.jpg
76303653,"The_Program:_Cons,_Cults,_and_Kidnapping","The Program: Cons, Cults, and Kidnapping","The Program: Cons, Cults and Kidnapping",https://image.tmdb.org/t/p/w500/g1NtXHq4qZcDvTTPCLgreV63ljB.jpg
73096952,Fool_Me_Once_(TV_series),Fool Me Once (TV series),Fool Me Once,https://image.tmdb.org/t/p/w500/Ertv4WLEyHgi8zN4ldOKgPcGAZ.jpg
72339557,One_Day_(TV_series),One Day (TV series),One Day,https://image.tmdb.org/t/p/w500/smBWt8rHCCavV88C5gQVjh0NUFa.jpg
76390318,The_Outreau_Case:_A_French_Nightmare,The Outreau Case: A French Nightmare,The Outreau Case: A French Nightmare,https://image.tmdb.org/t/p/w500/5DUdJUY5vjVoRCQMCLmHlTky7D6.jpg
73218564,Doctor_Slump_(TV_series),Doctor Slump (TV series),Doctor Slump,https://image.tmdb.org/t/p/w500/iOWmbZEbhvrYyWm6O4W3oHf2S9B.jpg
67976826,Young_Royals,Young Royals,Young Royals,https://image.tmdb.org/t/p/w500/uGGAoM8ojRHOXj16n6xWiccKr34.jpg
479805,Chicken_nugget,Chicken nugget,Chicken Nugget,https://image.tmdb.org/t/p/w500/9hefpkltcFLcZSKXr65l0mPMRKn.jpg
62995635,Love_Is_Blind_(TV_series),Love Is Blind (TV series),Love Is Blind,https://image.tmdb.org/t/p/w500/8XhV6ke8ltRYoG4SYmibF2bGwrC.jpg
61333257,Blown_Away_(TV_series),Blown Away (TV series),Blown Away,https://image.tmdb.org/t/p/w500/9YmSm6x2aER6a7vfoOTDL9cKEuF.jpg
63819099,Resident_Alien_(TV_series),Resident Alien (TV series),Resident Alien,https://image.tmdb.org/t/p/w500/5van3ktOTqWr5lcixh5aR8NlqqW.jpg
75613489,Supersex,Supersex,Supersex,https://image.tmdb.org/t/p/w500/9tSS4VeR5lYzny2c6Fj6lgYszRP.jpg
68645670,Wrong_Side_of_the_Tracks_(TV_series),Wrong Side of the Tracks (TV series),Wrong Side of the Tracks,https://image.tmdb.org/t/p/w500/dJWFFoMgY0t6CmsbRlR2TBazfqt.jpg
76238883,American_Conspiracy:_The_Octopus_Murders,American Conspiracy: The Octopus Murders,American Conspiracy: The Octopus Murders,https://image.tmdb.org/t/p/w500/lrcJuD9HPu5ZVcZaLk9cB0xufi5.jpg
64012620,Blood_&_Water_(South_African_TV_series),Blood & Water (South African TV series),Blood & Water,https://image.tmdb.org/t/p/w500/NFHy3z1taQ8nzudDHeVIJnih3J.jpg
67717152,The_Tourist_(TV_series),The Tourist (TV series),The Tourist,https://image.tmdb.org/t/p/w500/3jLF76FYBh5YHb4n1mQz1ayjDD4.jpg
76196915,Maamla_Legal_Hai,Maamla Legal Hai,Maamla Legal Hai,https://image.tmdb.org/t/p/w500/A9krYovvsiUXcQLOnQ2O53MHVwd.jpg
76118182,House_of_Ninjas,House of Ninjas,House of Ninjas,https://image.tmdb.org/t/p/w500/AoEuSoSnwSSnX1YzykDdOiKAZNB.jpg
57277177,Formula_1:_Drive_to_Survive,Formula 1: Drive to Survive,Formula 1: Drive to Survive,https://image.tmdb.org/t/p/w500/bTvsFzYK4ZdbcAIPSEJ3i8uLHSh.jpg
69186504,Griselda_(miniseries),Griselda (miniseries),Griselda,https://image.tmdb.org/t/p/w500/nhEtK1lJKb3kqBtDBDXynGr3hJL.jpg
55510402,Warrior_(TV_series),Warrior (TV series),Warrior,https://image.tmdb.org/t/p/w500/hR9qPFMI6BoR63XK6BBX5Ueghan.jpg
72098823,A_Killer_Paradox,A Killer Paradox,A Killer Paradox,https://image.tmdb.org/t/p/w500/yMx1rTwsP9Q6S1sFKZrXMYwJEdM.jpg
68295351,AlRawabi_School_for_Girls,AlRawabi School for Girls,AlRawabi School for Girls,https://image.tmdb.org/t/p/w500/fP4tqF73imWZ6ZKyk6VDigQZV2p.jpg
64418555,The_Mire,The Mire,The Mire,https://image.tmdb.org/t/p/w500/6apcDmf8e4I3WVoUsmxUveKBTVz.jpg
61812771,"Good_Morning,_Verônica","Good Morning, Verônica","Good Morning, Verônica",https://image.tmdb.org/t/p/w500/pCjXfCDnbO46N0My7rJ23zQ5K1c.jpg
72749100,Alpha_Males_(TV_series),Alpha Males (TV series),Alpha Males,https://image.tmdb.org/t/p/w500/NqID21yImku6B7kq0oCQTxX2rm.jpg
75878419,American_Nightmare_(TV_series),American Nightmare (TV series),American Nightmare,https://image.tmdb.org/t/p/w500/y7dQEXvqzNxm3sFY3VV7PqKeHzB.jpg
75224884,Captivating_the_King,Captivating the King,Captivating the King,https://image.tmdb.org/t/p/w500/wNdHCRkS0Xrz6niq3tpAwuLZk7c.jpg
24553901,Regular_Show,Regular Show,Regular Show,https://image.tmdb.org/t/p/w500/mS5SLxMYcKfUxA0utBSR5MOAWWr.jpg
53475669,Young_Sheldon,Young Sheldon,Young Sheldon,https://image.tmdb.org/t/p/w500/tKwjkqTSq5fJdSxIk4yOh61tOKD.jpg
75951573,Love_on_the_Spectrum,Love on the Spectrum,Love on the Spectrum,https://image.tmdb.org/t/p/w500/zMsuBnjsKDMUrAZ0Ey6Ux3bVtn7.jpg
75664326,Berlin_(Spanish_TV_series),Berlin (Spanish TV series),Berlin,https://image.tmdb.org/t/p/w500/69YuvoiWTtK6oyYH2Jl4Q6SgZ59.jpg
48746266,Delicious_in_Dungeon,Delicious in Dungeon,Delicious in Dungeon,https://image.tmdb.org/t/p/w500/9t3DYdGxK3i4WRzKvIZwJd4kBnr.jpg
71562740,The_Brothers_Sun,The Brothers Sun,The Brothers Sun,https://image.tmdb.org/t/p/w500/aTPMj3Bqb0WfHsIv8zUOROSjb7S.jpg
54060698,Yellowstone_(American_TV_series),Yellowstone (American TV series),Yellowstone,https://image.tmdb.org/t/p/w500/peNC0eyc3TQJa6x4TdKcBPNP4t0.jpg
76004959,NASCAR:_Full_Speed,NASCAR: Full Speed,NASCAR: Full Speed,https://image.tmdb.org/t/p/w500/fXhZCpFlFXST8qZt2dYT4XTeF1E.jpg
74943655,My_Demon,My Demon,My Demon,https://image.tmdb.org/t/p/w500/xBnscv5BrJREKVSvh0le61y4KDk.jpg
75543898,The_Bequeathed,The Bequeathed,The Bequeathed,https://image.tmdb.org/t/p/w500/iExLDuclzOp06ro9929UTDQRDm1.jpg
74341962,Welcome_to_Samdal-ri,Welcome to Samdal-ri,Welcome to Samdal-ri,https://image.tmdb.org/t/p/w500/98IvA2i0PsTY8CThoHByCKOEAjz.jpg
71447617,Boy_Swallows_Universe_(TV_series),Boy Swallows Universe (TV series),Boy Swallows Universe,https://image.tmdb.org/t/p/w500/nb0ek7qonE0YkyaB4dsAw5J9NoH.jpg
71472946,My_Life_with_the_Walter_Boys,My Life with the Walter Boys,My Life With the Walter Boys,https://image.tmdb.org/t/p/w500/jg3YdxDNlxay0NWTxgAPif647Hj.jpg
75956301,Kübra_(series),Kübra (series),Kübra,https://image.tmdb.org/t/p/w500/amlpVWYgv1KXiFfZKvY2t0fqvMf.jpg
75414922,Detective_Forst,Detective Forst,Detective Forst,https://image.tmdb.org/t/p/w500/ytup0GuAcb2jjuux2IgPAMSqVNN.jpg
61908853,The_Stranger_(British_TV_series),The Stranger (British TV series),The Stranger,https://image.tmdb.org/t/p/w500/4KrCPwB6yNBR8Chg5quigrrUFCD.jpg
66575749,Sonic_Prime,Sonic Prime,Sonic Prime,https://image.tmdb.org/t/p/w500/1Hie7gCDsvt7wtPRuUAk4ZzaoQa.jpg
55434429,Loudermilk_(TV_series),Loudermilk (TV series),Loudermilk,https://image.tmdb.org/t/p/w500/n9OpiTPynQDamlNyBPZgubMunKL.jpg
75748794,Love_Is_Blind:_Sweden,Love Is Blind: Sweden,Love is Blind: Sweden,https://image.tmdb.org/t/p/w500/dwnREOnAaleZQd02zSLCWLGiV8P.jpg
63950349,Jeffrey_Epstein:_Filthy_Rich,Jeffrey Epstein: Filthy Rich,Jeffrey Epstein: Filthy Rich,https://image.tmdb.org/t/p/w500/vV72HIa2a1nnqb5nCHUf5Dn2Y5d.jpg
75759719,You_Are_What_You_Eat:_A_Twin_Experiment,You Are What You Eat: A Twin Experiment,You Are What You Eat: A Twin Experiment,https://image.tmdb.org/t/p/w500/uRy6fpVNrxtjt03YgO2YdY4yoje.jpg
70530615,Gyeongseong_Creature,Gyeongseong Creature,Gyeongseong Creature,https://image.tmdb.org/t/p/w500/1qxRfQq9BI9dZ1nOztEtTkqNgea.jpg
72553065,Single's_Inferno,Single's Inferno,Single’s Inferno,https://image.tmdb.org/t/p/w500/86zkkFCrNc4VeqvCANTmpGNgFEF.jpg
20393380,True_Beauty,True Beauty,True Beauty,https://image.tmdb.org/t/p/w500/sld43SJArZqlnANJabq8R5wdOZk.jpg
75732188,Captains_of_the_World,Captains of the World,Captains of the World,https://image.tmdb.org/t/p/w500/wvaAQpfj7bxQCuOIdYIMbZ1pVax.jpg
47048067,The_Crown_(TV_series),The Crown (TV series),The Crown,https://image.tmdb.org/t/p/w500/1M876KPjulVwppEpldhdc8V4o68.jpg
71874548,Obliterated,Obliterated,Obliterated,https://image.tmdb.org/t/p/w500/5g3UrcV6oguAcI3myMKb6wi28y5.jpg
2541491,Peppa_Pig,Peppa Pig,Peppa Pig,https://image.tmdb.org/t/p/w500/4iKa2PWRB28ON5sBV7IQm7HjK6c.jpg
73160444,Pokémon_Concierge,Pokémon Concierge,Pokémon Concierge,https://image.tmdb.org/t/p/w500/2k53AsWsLrMtcbFyH0nVOqQjj2x.jpg
158585,YuYu_Hakusho,YuYu Hakusho,Yu Yu Hakusho,https://image.tmdb.org/t/p/w500/qgkyAQD73M3Ix4w9RSzEbFI46l7.jpg
53940712,Money_Heist,Money Heist,Money Heist,https://image.tmdb.org/t/p/w500/reEMJA1uzscCbkpeRJeTT2bjqUp.jpg
8692248,The_Golden_Hour_(TV_series),The Golden Hour (TV series),The Golden Hour,https://image.tmdb.org/t/p/w500/xcWJA3mXDsUNaahTo9BkhLuJI2Q.jpg
58660757,Car_Masters:_Rust_to_Riches,Car Masters: Rust to Riches,Car Masters: Rust to Riches,https://image.tmdb.org/t/p/w500/2wS7gqsVNORz9qPaNfDOoSDXIi2.jpg
71133870,Squid_Game:_The_Challenge,Squid Game: The Challenge,Squid Game: The Challenge,https://image.tmdb.org/t/p/w500/eAjXAgdjPMZH9Ugub7XYPowFoS1.jpg
75672059,Dubai_Bling,Dubai Bling,Dubai Bling,https://image.tmdb.org/t/p/w500/ohxfANxHuNN6BAIKo6WHL1uEWQN.jpg
73290101,School_Spirits_(2023_TV_series),School Spirits (2023 TV series),School Spirits,https://image.tmdb.org/t/p/w500/30RTeJYjIHasMeApZ8MHo6QFQNA.jpg
75440475,A_Nearly_Normal_Family,A Nearly Normal Family,A Nearly Normal Family,https://image.tmdb.org/t/p/w500/oXQZaoKFYXkSTRBXeerj4MJ5eXQ.jpg
76939143,If_I_Were_Luísa_Sonza,If I Were Luísa Sonza,If I Were Luísa Sonza,https://image.tmdb.org/t/p/w500/gs891va2DcZRgJmQhDgVl3EdpyC.jpg
58594695,Virgin_River_(TV_series),Virgin River (TV series),Virgin River,https://image.tmdb.org/t/p/w500/rxWHdK7qGFcJIk28UubcduSc1sz.jpg
62629211,Sweet_Home_(TV_series),Sweet Home (TV series),Sweet Home,https://image.tmdb.org/t/p/w500/owGb1SExjoEZWOvPx6hAVAi2B7D.jpg
73751384,Castaway_Diva,Castaway Diva,Castaway Diva,https://image.tmdb.org/t/p/w500/oYOxdgfPogMoXPizBjKcZx7f9k2.jpg
72749081,I_Hate_Christmas,I Hate Christmas,I Hate Christmas,https://image.tmdb.org/t/p/w500/oWLkjy7bBoOOzGRf54btMY2yApn.jpg
69780894,All_the_Light_We_Cannot_See_(miniseries),All the Light We Cannot See (miniseries),All the Light We Cannot See,https://image.tmdb.org/t/p/w500/5vctOvdEXakZWTJrP8bgPEoCbqS.jpg
57173644,First_Wives_Club_(TV_series),First Wives Club (TV series),First Wives Club,https://image.tmdb.org/t/p/w500/uPuRZBGvrMBbjweAFZ420T6BRwl.jpg
68455171,Squid_Game,Squid Game,Squid Game,https://image.tmdb.org/t/p/w500/dDlEmu3EZ0Pgg93K2SVNLCjCSvE.jpg
75302122,Replacing_Chef_Chico,Replacing Chef Chico,Replacing Chef Chico,https://image.tmdb.org/t/p/w500/9Znp7P2ptjSiG04Lsvrx7D8ZqzG.jpg
70881817,Strong_Girl_Nam-soon,Strong Girl Nam-soon,Strong Girl Nam-soon,https://image.tmdb.org/t/p/w500/rjkHORZvB5bnz7kH1PufFCKsX4I.jpg
69700788,Scott_Pilgrim_Takes_Off,Scott Pilgrim Takes Off,Scott Pilgrim Takes Off,https://image.tmdb.org/t/p/w500/nHROk2C6bv8LqtvyYd0tCMURbxC.jpg
75080082,Escaping_Twin_Flames,Escaping Twin Flames,Escaping Twin Flames,https://image.tmdb.org/t/p/w500/oeRTHlxw3Xh1wd6owQNpvXP68vl.jpg
71984077,Holy_Family_(TV_series),Holy Family (TV series),Holy Family,https://image.tmdb.org/t/p/w500/aNFCvVA4LmeZkpaOGKOHvo74YUJ.jpg
75041627,Suburræterna,Suburræterna,Suburræterna,https://image.tmdb.org/t/p/w500/atKm8I80G85Afx1Kfz9kmB8UGfn.jpg
61428896,Selling_Sunset,Selling Sunset,Selling Sunset,https://image.tmdb.org/t/p/w500/wUtoD67q4BnRUwikUbT6M38d5oj.jpg
39010,Robbie_Williams,Robbie Williams,Robbie Williams,https://image.tmdb.org/t/p/w500/oug2vdwyRe2Av3cX44RuY3PYkwO.jpg
75612207,Unicorn_Academy,Unicorn Academy,Unicorn Academy,https://image.tmdb.org/t/p/w500/5aex9xH2Tq9G9m9WyhPJiyVOJol.jpg
74736348,Life_on_Our_Planet,Life on Our Planet,Life on Our Planet,https://image.tmdb.org/t/p/w500/xli64UUAmxX1ZAQGvBjEDrcBc3k.jpg
74949447,Blue_Eye_Samurai,Blue Eye Samurai,BLUE EYE SAMURAI,https://image.tmdb.org/t/p/w500/fXm3JT4WLQVnwukdvghtAblc1wc.jpg
75347825,"The_Billionaire,_the_Butler_and_the_Boyfriend","The Billionaire, the Butler and the Boyfriend","The Billionaire, The Butler, and the Boyfriend",https://image.tmdb.org/t/p/w500/2j3PVfH2LWQ5KWwDC5UcqJakeEB.jpg
69653944,The_Tailor_(TV_series),The Tailor (TV series),The Tailor,https://image.tmdb.org/t/p/w500/a3SYikJGnXNZu3vjnHiRjiAxLyN.jpg
71350114,Daily_Dose_of_Sunshine,Daily Dose of Sunshine,Daily Dose of Sunshine,https://image.tmdb.org/t/p/w500/d9hIiomaPXu6W9qATzPSqHgxze8.jpg
66063886,Lupin_(French_TV_series),Lupin (French TV series),Lupin,https://image.tmdb.org/t/p/w500/9ff9TSnWCsodGFe4Lqs8mhV7paA.jpg
74688865,Cigarette_Girl_(TV_series),Cigarette Girl (TV series),Cigarette Girl,https://image.tmdb.org/t/p/w500/iT8pZJoAaeLPZ3e4s0sSWLA7K6s.jpg
71953899,Bodies_(2023_TV_series),Bodies (2023 TV series),Bodies,https://image.tmdb.org/t/p/w500/qWX71nLvoLsBNPEjddZMC75lq6I.jpg
31773051,Attack_on_Titan,Attack on Titan,Attack on Titan,https://image.tmdb.org/t/p/w500/hTP1DtLGFamjfu8WqjnuQdP1n4i.jpg
68909365,The_Fall_of_the_House_of_Usher_(miniseries),The Fall of the House of Usher (miniseries),The Fall of the House of Usher,https://image.tmdb.org/t/p/w500/2rl04pRCaGfz91lwfWdDQmOiGJp.jpg
58704503,Elite_(TV_series),Elite (TV series),Elite,https://image.tmdb.org/t/p/w500/3NTAbAiao4JLzFQw6YxP1YZppM8.jpg
72110668,Doona!,Doona!,Doona!,https://image.tmdb.org/t/p/w500/bQhiOkU3lCu5pwCqPdNVG5GBLlj.jpg
674875,Onimusha,Onimusha,Onimusha,https://image.tmdb.org/t/p/w500/lfRmDHegR8OpU3859lBz9YHgD79.jpg
50798680,Big_Mouth_(American_TV_series),Big Mouth (American TV series),Big Mouth,https://image.tmdb.org/t/p/w500/v0WrnCkqwXAVhVOu0bGo5ljaZJV.jpg
57442012,Sex_Education_(TV_series),Sex Education (TV series),Sex Education,https://image.tmdb.org/t/p/w500/4Bph0hhnDH6dpc0SZIV522bLm4P.jpg
74921575,Surviving_Paradise_(TV_series),Surviving Paradise (TV series),Surviving Paradise,https://image.tmdb.org/t/p/w500/lXJBLEl0qt4P2Ejs4hibHxZ3U0C.jpg
58728524,Cocomelon,Cocomelon,CoComelon,https://image.tmdb.org/t/p/w500/7gliOqwY7YwFAxrjfMVcryuvnW.jpg
457964,Creature,Creature,Creature,https://image.tmdb.org/t/p/w500/nRpqGwjMAU65rkA8XUsBB4z7v5a.jpg
74923601,Kaala_Paani,Kaala Paani,Kaala Paani,https://image.tmdb.org/t/p/w500/EQmoiwsUKbc1K6TDZlJKEJvZKW.jpg
62976709,One_Piece_(2023_TV_series),One Piece (2023 TV series),ONE PIECE,https://image.tmdb.org/t/p/w500/rVX05xRKS5JhEYQFObCi4lAnZT4.jpg
73303898,Everything_Now_(TV_series),Everything Now (TV series),Everything Now,https://image.tmdb.org/t/p/w500/mDKff19c5PVECPbIpcVxO3gwPnB.jpg
72773838,Destined_With_You,Destined With You,Destined with You,https://image.tmdb.org/t/p/w500/fMiLKTIFB7YCBQSYoTJ7NCrPcD6.jpg
74617017,Di4ries,Di4ries,DI4RIES,https://image.tmdb.org/t/p/w500/slaBZ9hzYXT9hvZJOHbYC2S84sT.jpg
9998542,Encounters_(TV_series),Encounters (TV series),Encounters,https://image.tmdb.org/t/p/w500/sSL6ugjkcK0Hjx9YwKwDUjEG6WY.jpg
73853870,Castlevania:_Nocturne,Castlevania: Nocturne,Castlevania: Nocturne,https://image.tmdb.org/t/p/w500/tslJx5LPn2aXX3USGYbh0KbglnB.jpg
73192322,Murdaugh_Murders:_A_Southern_Scandal,Murdaugh Murders: A Southern Scandal,Murdaugh Murders: A Southern Scandal,https://image.tmdb.org/t/p/w500/so8k0YprvHS2eFT3lMqB1PokjAS.jpg
74990063,The_Devil's_Plan,The Devil's Plan,The Devil's Plan,https://image.tmdb.org/t/p/w500/jNY6UVgvKz03yrSgCflkF5NF25K.jpg
74448639,Burning_Body,Burning Body,Burning Body,https://image.tmdb.org/t/p/w500/ttUAM6vZ7IhLfEFeBtWKVom3LVQ.jpg
70304558,Song_of_the_Bandits,Song of the Bandits,Song of the Bandits,https://image.tmdb.org/t/p/w500/4lls2JCt9g1YiusX3xLVSdSZ6cO.jpg
10597978,The_Pacific_(miniseries),The Pacific (miniseries),The Pacific,https://image.tmdb.org/t/p/w500/x9Y1IMFdY8Ma222KcQadFEau0EB.jpg
57514258,Kengan_Ashura,Kengan Ashura,KENGAN ASHURA,https://image.tmdb.org/t/p/w500/pgUnbZScsrfMJIJl43FKOL9sbhU.jpg
70434411,A_Time_Called_You,A Time Called You,A Time Called You,https://image.tmdb.org/t/p/w500/txBJvZ7cComCxoolgyedsxIyHKF.jpg
72712011,Behind_Your_Touch,Behind Your Touch,Behind Your Touch,https://image.tmdb.org/t/p/w500/8DIyNeZ9UKt4AJaJ0LeVuyZ0kTA.jpg
15214652,Class_Act_(British_TV_series),Class Act (British TV series),Class Act,https://image.tmdb.org/t/p/w500/zBjrI5mxuZCctFbU3XZLcXcunEd.jpg
60934132,Inside_the_World's_Toughest_Prisons,Inside the World's Toughest Prisons,Inside the World’s Toughest Prisons,https://image.tmdb.org/t/p/w500/ebp1dNueJth2aLXRitU4decZY6D.jpg
66793078,Surviving_Summer_(TV_series),Surviving Summer (TV series),Surviving Summer,https://image.tmdb.org/t/p/w500/zJTi8sM9fvpYhZmxysVQnG4OFM9.jpg
62946735,Ragnarok_(TV_series),Ragnarok (TV series),Ragnarok,https://image.tmdb.org/t/p/w500/37p95Lpe7mfVX86ZcVr7TisAHPn.jpg
75075634,Infamy_(TV_series),Infamy (TV series),Infamy,https://image.tmdb.org/t/p/w500/gXTMb2O7CZ9fLGIq5lrD9gpfALs.jpg
74575668,Who_Is_Erin_Carter?,Who Is Erin Carter?,Who is Erin Carter?,https://image.tmdb.org/t/p/w500/1FCsjYtEtuine1TUssIFjy6vmJW.jpg
33613816,Top_Boy,Top Boy,Top Boy,https://image.tmdb.org/t/p/w500/iBqgEMnbleoeLqdadlvBGDxVvKb.jpg
54648751,Disenchantment_(TV_series),Disenchantment (TV series),Disenchantment,https://image.tmdb.org/t/p/w500/1WynayCqKRzrl4cFZR8NOfiDwd6.jpg
69981424,Painkiller_(TV_series),Painkiller (TV series),Painkiller,https://image.tmdb.org/t/p/w500/7zYtVymTxVEhgAOuMl4l2NoFCrO.jpg
71890526,Mask_Girl,Mask Girl,Mask Girl,https://image.tmdb.org/t/p/w500/6SP6NiyFxzUaegvg4TB3TMZlv8H.jpg
70306482,The_Ultimatum:_Marry_or_Move_On,The Ultimatum: Marry or Move On,The Ultimatum: Marry or Move On,https://image.tmdb.org/t/p/w500/igy0O7ru88ozHPtQVi9IylSzZ6g.jpg
70542685,Depp_v._Heard,Depp v. Heard,DEPP V HEARD,https://image.tmdb.org/t/p/w500/hHWN42X42wqYEe4CnRT01YZYCBu.jpg
70578298,King_the_Land,King the Land,King the Land,https://image.tmdb.org/t/p/w500/oqpzn6xcqqZpk3DB3z3sT6UFkZp.jpg
65570875,The_Uncanny_Counter,The Uncanny Counter,The Uncanny Counter,https://image.tmdb.org/t/p/w500/tKU34QiJUfVipcuhAs5S3TdCpAF.jpg
70474702,My_Happy_Marriage,My Happy Marriage,My Happy Marriage,https://image.tmdb.org/t/p/w500/5RZIBqSYHhpQF6s8Dgw2aXlA4ZS.jpg
74749148,At_Home_with_the_Furys,At Home with the Furys,At Home With The Furys,https://image.tmdb.org/t/p/w500/9MMDK85gpE9usy6QCCLGgTzgroW.jpg
42710185,Ballers,Ballers,Ballers,https://image.tmdb.org/t/p/w500/WyIazPyjmcFMC42nWEpI0jr56x.jpg
64272039,The_Lincoln_Lawyer_(TV_series),The Lincoln Lawyer (TV series),The Lincoln Lawyer,https://image.tmdb.org/t/p/w500/9TaupczRcEkOaYbsiQuLg3kXPLq.jpg
72749071,My_Dad_the_Bounty_Hunter,My Dad the Bounty Hunter,My Dad the Bounty Hunter,https://image.tmdb.org/t/p/w500/cWSPHOTFFf5hs77gamKeLDhxNvm.jpg
73415148,The_Chosen_One_(2023_TV_series),The Chosen One (2023 TV series),The Chosen One,https://image.tmdb.org/t/p/w500/q464h5XGJVmzJhwqNWL4R6YTd25.jpg
71626479,Guns_&_Gulaabs,Guns & Gulaabs,Guns & Gulaabs,https://image.tmdb.org/t/p/w500/yRSvwppi9u77UWGPrRgJoTfv5DR.jpg
74483084,A_Perfect_Story,A Perfect Story,A Perfect Story,https://image.tmdb.org/t/p/w500/gSowy1T1FmIQKN7n2ftDwy5d4mM.jpg
21761101,The_Witcher_(TV_series),The Witcher (TV series),The Witcher,https://image.tmdb.org/t/p/w500/cZ0d3rtvXPVvuiX22sP79K3Hmjz.jpg
67594650,The_Upshaws,The Upshaws,The Upshaws,https://image.tmdb.org/t/p/w500/bgtpwAsKNfqJmgp3zBxuSHMBAaW.jpg
74268508,Mech_Cadets,Mech Cadets,Mech Cadets,https://image.tmdb.org/t/p/w500/5awFqxnqJHQD0TQCasf8VjAWqTb.jpg
66513484,Heartstopper_(TV_series),Heartstopper (TV series),Heartstopper,https://image.tmdb.org/t/p/w500/p0AtD0ivSlHq2MHY6JFgyhNqAQY.jpg
51467190,Om_Nom_Stories,Om Nom Stories,Om Nom Stories,https://image.tmdb.org/t/p/w500/cN0ayhAfJNar17WzoxHbV4ykZZk.jpg
58594694,Sweet_Magnolias,Sweet Magnolias,Sweet Magnolias,https://image.tmdb.org/t/p/w500/n1WDSFOnCCg3cdHHGBywZtYIzf9.jpg
67124886,Fisk_(TV_series),Fisk (TV series),Fisk,https://image.tmdb.org/t/p/w500/kfBHjnHTXJY82xzdeSkI7b5DMud.jpg
66422422,D.P._(TV_series),D.P. (TV series),D.P.,https://image.tmdb.org/t/p/w500/3LqTNjibg3XySzP2iUHyKinEyw7.jpg
76346721,How_to_Become_a_Cult_Leader,How to Become a Cult Leader,How to Become a Cult Leader,https://image.tmdb.org/t/p/w500/d4bCJ5f8LzZr5TG3EpU9rzfFfui.jpg
63495765,Too_Hot_to_Handle_(TV_series),Too Hot to Handle (TV series),Too Hot to Handle,https://image.tmdb.org/t/p/w500/jr21CagMMfglh7YVgcyov3Cj833.jpg
58660742,Sintonia,Sintonia,Sintonia,https://image.tmdb.org/t/p/w500/safjAD2bBNT1grB23rFff5ChwDv.jpg
66595185,Zom_100:_Bucket_List_of_the_Dead,Zom 100: Bucket List of the Dead,Zom 100: Bucket List of the Dead,https://image.tmdb.org/t/p/w500/XzOeAppGpnsSAiK82idkg0BoCt.jpg
72309851,Survival_of_the_Thickest,Survival of the Thickest,Survival of the Thickest,https://image.tmdb.org/t/p/w500/sD8RToyFl1oMF3kXgkeSmSsJIpa.jpg
38764551,Barbie:_Life_in_the_Dreamhouse,Barbie: Life in the Dreamhouse,Barbie Life in the Dreamhouse,https://image.tmdb.org/t/p/w500/c7HIZXKDaDekFAIcWU7bxP8cTv6.jpg
73112774,Quarterback_(TV_series),Quarterback (TV series),Quarterback,https://image.tmdb.org/t/p/w500/bKdElEIyuwrbdochxCXwlaUBFaR.jpg
71330197,Burn_the_House_Down_(manga),Burn the House Down (manga),Burn the House Down,https://image.tmdb.org/t/p/w500/s4Ot7YP5GjEW8ggmjXbf79u6b2N.jpg
30987670,Suits_(American_TV_series),Suits (American TV series),Suits,https://image.tmdb.org/t/p/w500/vQiryp6LioFxQThywxbC6TuoDjy.jpg
74259728,Kohrra,Kohrra,Kohrra,https://image.tmdb.org/t/p/w500/vI23w796RfqWHlRKEcN4N6bD2DY.jpg
72257235,See_You_in_My_19th_Life,See You in My 19th Life,See You in My 19th Life,https://image.tmdb.org/t/p/w500/zbP6wPbdFCTFnzuZoVXMw9q5Hno.jpg
64010946,Record_of_Ragnarok,Record of Ragnarok,Record of Ragnarok,https://image.tmdb.org/t/p/w500/kTs2WNZOukpWdNhoRlH94pSJ3xf.jpg
33757091,Black_Mirror,Black Mirror,Black Mirror,https://image.tmdb.org/t/p/w500/5UaYsGZOFhjFDwQh6GuLjjA1WlF.jpg
73002553,Bloodhounds_(South_Korean_TV_series),Bloodhounds (South Korean TV series),Bloodhounds,https://image.tmdb.org/t/p/w500/kxU1hhebWZGaz8gkMVi8zkZhzVt.jpg
74334567,Fake_Profile,Fake Profile,Fake Profile,https://image.tmdb.org/t/p/w500/3KyyfuG5VxUmpJFnw0pa1SkTsuL.jpg
67197225,Doom_at_Your_Service,Doom at Your Service,Doom at Your Service,https://image.tmdb.org/t/p/w500/tgsWD4dJI5YFY8Kyk6vVjZoIKfO.jpg
41921484,Delete_(miniseries),Delete (miniseries),DELETE,https://image.tmdb.org/t/p/w500/wEbf9llYilJuBQ5406Fh7JKenq9.jpg
69229488,Catching_Killers,Catching Killers,Catching Killers,https://image.tmdb.org/t/p/w500/628U5ybT3fV0gGbT41Lk3R15Ya0.jpg
74107944,Glamorous_(TV_series),Glamorous (TV series),Glamorous,https://image.tmdb.org/t/p/w500/x0dWYMkBVhd4Ha48uAeCQ0cMct9.jpg
58660693,Our_Planet,Our Planet,Our Planet,https://image.tmdb.org/t/p/w500/wRSnArnQBmeUYb5GWDU595bGsBr.jpg
63669810,Never_Have_I_Ever_(TV_series),Never Have I Ever (TV series),Never Have I Ever,https://image.tmdb.org/t/p/w500/hd5fnBixab6IzfUwjC5wfdbX3eM.jpg
74154173,Muscles_&_Mayhem:_An_Unauthorized_Story_of_American_Gladiators,Muscles & Mayhem: An Unauthorized Story of American Gladiators,Muscles & Mayhem: An Unauthorized Story of American Gladiators,https://image.tmdb.org/t/p/w500/aOaufsMpt6oo4M04BaNuGVAY8CN.jpg
53879823,Titans_(2018_TV_series),Titans (2018 TV series),Titans,https://image.tmdb.org/t/p/w500/8e6QiSexmYKaiHGPvbhaFMmQEhc.jpg
73786048,Lies_Hidden_in_My_Garden,Lies Hidden in My Garden,Lies Hidden in my Garden,https://image.tmdb.org/t/p/w500/9MMqq7sUyG5JnLbNJ7U7nP3UaY.jpg
74007694,Arnold_(TV_series),Arnold (TV series),Arnold,https://image.tmdb.org/t/p/w500/o9KmWrG9rbFhB7jWW4vFHTmqv28.jpg
67711068,FUBAR_(TV_series),FUBAR (TV series),FUBAR,https://image.tmdb.org/t/p/w500/ryqcPZCEnEahBW4X06QZBUmtavp.jpg
63909780,Valeria_(2020_TV_series),Valeria (2020 TV series),Valeria,https://image.tmdb.org/t/p/w500/zg7rwgjLTwbu2XtnLlizPF09ftz.jpg
69077267,Love_Is_Blind:_Brazil,Love Is Blind: Brazil,Love Is Blind: Brazil,https://image.tmdb.org/t/p/w500/921p3rHAn1o45sfGK4R210ugASh.jpg
57385279,Manifest_(TV_series),Manifest (TV series),Manifest,https://image.tmdb.org/t/p/w500/eTemCphrglLKrXOsNRhYezHA7H9.jpg
73953868,The_Days_(Japanese_TV_series),The Days (Japanese TV series),THE DAYS,https://image.tmdb.org/t/p/w500/sr7HeOURI38pZjaF5qlP6xfvhKl.jpg
74002177,Tour_de_France:_Unchained,Tour de France: Unchained,Tour de France: Unchained,https://image.tmdb.org/t/p/w500/k1dmiRXy4nx6nvZKJwYirJI6Gnt.jpg
72727463,The_Good_Bad_Mother,The Good Bad Mother,The Good Bad Mother,https://image.tmdb.org/t/p/w500/vtDLhvpTk1xcaBCKubSH0if575G.jpg
74712748,The_Ultimatum:_Queer_Love,The Ultimatum: Queer Love,The Ultimatum: Queer Love,https://image.tmdb.org/t/p/w500/9D4z4qh5KQvaoLBA771vRmS1VQn.jpg
67537382,"XO,_Kitty","XO, Kitty","XO, Kitty",https://image.tmdb.org/t/p/w500/hxvTdKAwv27PUfpXOQp6AwWr6V.jpg
57395269,All_American_(TV_series),All American (TV series),All American,https://image.tmdb.org/t/p/w500/c8FTtjQcQfqSI0McmVc1OOOf7Z7.jpg
1752396,Swat,Swat,S.W.A.T.,https://image.tmdb.org/t/p/w500/1l7vsAIkqOzrqiPwjO27Cb5QdfJ.jpg
73246420,Doctor_Cha,Doctor Cha,Doctor Cha,https://image.tmdb.org/t/p/w500/qgQQeiy2zyfla5y2yiZJGGU4y1I.jpg
287616,Agency,Agency,Agency,https://image.tmdb.org/t/p/w500/hOIkLHsYzqWnd2EtS4YhItYJzKx.jpg
24419091,La_Reina_del_Sur_(TV_series),La Reina del Sur (TV series),La Reina del Sur,https://image.tmdb.org/t/p/w500/p11t8ckTC6EiuVw5FGFKdc2Z7GH.jpg
73922394,Turn_of_the_Tide_(TV_series),Turn of the Tide (TV series),Turn of the Tide,https://image.tmdb.org/t/p/w500/cSgHTmU8YaKk5b3pqayncbZpPGa.jpg
65350693,Barbecue_Showdown,Barbecue Showdown,Barbecue Showdown,https://image.tmdb.org/t/p/w500/4yf81AlYGP5sDKtAwluGmcPjMlU.jpg
61502441,Firefly_Lane,Firefly Lane,Firefly Lane,https://image.tmdb.org/t/p/w500/vJdhhyideVVOw9nT9kaD4yKD53z.jpg
73159581,Muted_(TV_series),Muted (TV series),Muted,https://image.tmdb.org/t/p/w500/cfcmyPUJbynbUtKIlqSdkOrgyzU.jpg
65011327,Maid_(miniseries),Maid (miniseries),Maid,https://image.tmdb.org/t/p/w500/mK4pMgMjHoBW4W9JrAJmkF2nYHP.jpg
69426386,The_Night_Agent,The Night Agent,The Night Agent,https://image.tmdb.org/t/p/w500/xjsx6rGEgHl2tUqkimo6Bz2KzVo.jpg
2630654,Black_Knight_(Dane_Whitman),Black Knight (Dane Whitman),Black Knight,https://image.tmdb.org/t/p/w500/dONaJyzTAG973ifDGX0StnWMrC4.jpg
70436674,The_Marked_Heart,The Marked Heart,The Marked Heart,https://image.tmdb.org/t/p/w500/M1q0HuyRnqxP8Si54srsPREFIH.jpg
2199558,Chiquititas,Chiquititas,Chiquititas,
63529807,Sweet_Tooth_(TV_series),Sweet Tooth (TV series),Sweet Tooth,https://image.tmdb.org/t/p/w500/dBxxtfhC4vYrxB2fLsSxOTY2dQc.jpg
73954494,Missing:_Dead_or_Alive?,Missing: Dead or Alive?,Missing: Dead or Alive?,https://image.tmdb.org/t/p/w500/pTSzU9gWSsbosFD9nblTIPG4gur.jpg
70623465,Welcome_to_Eden,Welcome to Eden,Welcome to Eden,https://image.tmdb.org/t/p/w500/kZO0mtTHAgg9QVscLVtwCcQ7Hgx.jpg
73390480,The_Diplomat_(American_TV_series),The Diplomat (American TV series),The Diplomat,https://image.tmdb.org/t/p/w500/cOKXV0FalCYixNmZYCfHXgyQ0VX.jpg
9271105,Sanctuary_(Canadian_TV_series),Sanctuary (Canadian TV series),Sanctuary,https://image.tmdb.org/t/p/w500/7KIBYETkRSfHNsfWAWAt7uq7oGm.jpg
2002434,The_Nurse,The Nurse,The Nurse,
52315528,Workin'_Moms,Workin' Moms,Workin' Moms,https://image.tmdb.org/t/p/w500/1TJkVKx7IeLadTFxOpUN3QEGI7Z.jpg
67201854,Beef_(TV_series),Beef (TV series),BEEF,https://image.tmdb.org/t/p/w500/4b4v7RnPhNyPEaVGFarEuo74r8W.jpg
32211739,The_Smurfs,The Smurfs,The Smurfs,https://image.tmdb.org/t/p/w500/cezQyM5cO454vUdLiLOkv78K64D.jpg
72781926,Queenmaker,Queenmaker,Queenmaker,https://image.tmdb.org/t/p/w500/4PLY6WSRgBKMY9Wc7npJA5f28lc.jpg
73719044,Rough_Diamonds_(2023_TV_series),Rough Diamonds (2023 TV series),Rough Diamonds,https://image.tmdb.org/t/p/w500/dr8BsZpkMsw7YFqVCM6aLEog3It.jpg
32262767,Better_Call_Saul,Better Call Saul,Better Call Saul,https://image.tmdb.org/t/p/w500/fC2HDm5t0kHl7mTm7jxMR31b7by.jpg
64563577,Indian_Matchmaking,Indian Matchmaking,Indian Matchmaking,https://image.tmdb.org/t/p/w500/to0ZjbkPUt7WlK1RMPBZ4fa99EJ.jpg
71359872,The_Glory_(TV_series),The Glory (TV series),The Glory,https://image.tmdb.org/t/p/w500/uUM4LVlPgIrww07OoEKrGWlS1Ej.jpg
68473069,Florida_Man_(TV_series),Florida Man (TV series),Florida Man,https://image.tmdb.org/t/p/w500/bn4qHIxbmZOC4AqlDUbgcKYld7r.jpg
73513229,Obsession_(2023_TV_series),Obsession (2023 TV series),Obsession,https://image.tmdb.org/t/p/w500/8nQmxCYvidrCMxYCPdhuls94cl9.jpg
66740629,Wednesday_(TV_series),Wednesday (TV series),Wednesday,https://image.tmdb.org/t/p/w500/9PFonBhy4cQy7Jz20NpMygczOkv.jpg
70220466,Alchemy_of_Souls,Alchemy of Souls,Alchemy of Souls,https://image.tmdb.org/t/p/w500/q2IiPRSXPOZ6qVRj36WRAYEQyHs.jpg
73001132,Transatlantic_(TV_series),Transatlantic (TV series),Transatlantic,https://image.tmdb.org/t/p/w500/pCqUcxfxIAalYyaoDqMli8xtb1d.jpg
49016781,Designated_Survivor_(TV_series),Designated Survivor (TV series),Designated Survivor,https://image.tmdb.org/t/p/w500/5R125JAIh1N38pzHp2dRsBpOVNY.jpg
59629338,Shadow_and_Bone_(TV_series),Shadow and Bone (TV series),Shadow and Bone,https://image.tmdb.org/t/p/w500/mS9O9mjPlwpLTne4JgQlDkgREWA.jpg
40839407,Thicker_Than_Water_(2013_TV_series),Thicker Than Water (2013 TV series),Thicker Than Water,https://image.tmdb.org/t/p/w500/qppTL3aFz2qxy6J6jHyqfZdlJNi.jpg
72727691,Divorce_Attorney_Shin,Divorce Attorney Shin,Divorce Attorney Shin,https://image.tmdb.org/t/p/w500/fjHkZNIzoiAvZMgpw9CaV1U86ux.jpg
75423119,Copycat_Killer_(TV_series),Copycat Killer (TV series),Copycat Killer,https://image.tmdb.org/t/p/w500/xSkcZk9bh1wIkP2vpMA47Bdl6UI.jpg
71643622,Crash_Course_in_Romance,Crash Course in Romance,Crash Course in Romance,https://image.tmdb.org/t/p/w500/88rQREli2xtoDV6HToJysp71ZL7.jpg
75604936,Who_Were_We_Running_From?,Who Were We Running From?,Who Were We Running From?,https://image.tmdb.org/t/p/w500/kpmf1CHtclmwv26mfYI98hxlbId.jpg
15482267,Unseen,Unseen,Unseen,https://image.tmdb.org/t/p/w500/lFKtgbboQohDi4tJNX1jp50WoXC.jpg
38962787,The_Blacklist,The Blacklist,The Blacklist,https://image.tmdb.org/t/p/w500/r935SMphvXppx5bJjbIBNx02fwc.jpg
72749061,Wellmania,Wellmania,Wellmania,https://image.tmdb.org/t/p/w500/c3F9aMUSwQovZkpEBynxBxN3keo.jpg
54671372,You_(TV_series),You (TV series),You,https://image.tmdb.org/t/p/w500/7bEYwjUvlJW7GerM8GYmqwl4oS3.jpg
73899005,I_Am_Georgina,I Am Georgina,I Am Georgina,https://image.tmdb.org/t/p/w500/70e3SQBIAcjKSibWoyCA7lBMZA8.jpg
73428514,Emergency_NYC,Emergency NYC,Emergency: NYC,https://image.tmdb.org/t/p/w500/3pdVKXRnEEf2YUzm4net4MFEWV5.jpg
72930587,Unstable_(TV_series),Unstable (TV series),Unstable,https://image.tmdb.org/t/p/w500/yiMhsbuMYygbWnsrPbdp7PiMvvP.jpg
63531414,Outer_Banks_(TV_series),Outer Banks (TV series),Outer Banks,https://image.tmdb.org/t/p/w500/ovDgO2LPfwdVRfvScAqo9aMiIW.jpg
61882006,Invisible_City_(TV_series),Invisible City (TV series),Invisible City,
73167194,Waco:_American_Apocalypse,Waco: American Apocalypse,Waco: American Apocalypse,https://image.tmdb.org/t/p/w500/eKsgrhu4qiuePmGmuVCUI84IfAD.jpg
64637790,Sex/Life,Sex/Life,Sex/Life,https://image.tmdb.org/t/p/w500/kfcJl5e8CRWDU7e4vX6uNABPRbS.jpg
73100761,MH370:_The_Plane_That_Disappeared,MH370: The Plane That Disappeared,MH370: The Plane That Disappeared,https://image.tmdb.org/t/p/w500/3ORzUPJHFy9oFVKlwUpS4q8g87.jpg
65634953,Mr._Queen,Mr. Queen,Mr. Queen,https://image.tmdb.org/t/p/w500/ozuyMnOO5pekDklyPpUL1Htkuzy.jpg
40201915,Outlast,Outlast,Outlast,https://image.tmdb.org/t/p/w500/lfOSdEFOr03mkGFs09x0n0gx2EE.jpg
73113496,Perfect_Match_(TV_series),Perfect Match (TV series),Perfect Match,https://image.tmdb.org/t/p/w500/towkpRBUUZlTK4DUcAmuYRmziDQ.jpg
72072398,Rana_Naidu,Rana Naidu,Rana Naidu,https://image.tmdb.org/t/p/w500/4kUF7cO76W4vEx70KVfwmju6Vud.jpg
23745492,Triptych_(Slaughter_novel),Triptych (Slaughter novel),Triptych,https://image.tmdb.org/t/p/w500/cuV5GizaYLjGB3yikqJ5EH2rLus.jpg
62577772,Next_in_Fashion,Next in Fashion,Next in Fashion,https://image.tmdb.org/t/p/w500/r571zPr9McSe4UNhh7WKigt2Hys.jpg
74594230,The_Law_According_to_Lidia_Poët,The Law According to Lidia Poët,The Law According to Lidia Poët,https://image.tmdb.org/t/p/w500/9k8cA7T8hOwjoKZLEgFvvAVHP6l.jpg
71486843,Red_Rose_(TV_series),Red Rose (TV series),Red Rose,
27676616,The_Walking_Dead_(TV_series),The Walking Dead (TV series),The Walking Dead,https://image.tmdb.org/t/p/w500/n7PVu0hSz2sAsVekpOIoCnkWlbn.jpg
69788761,Ganglands,Ganglands,Ganglands,https://image.tmdb.org/t/p/w500/3E6IPkHH541ii41NKpU5loI4fcr.jpg
70975185,Love_to_Hate_You_(TV_series),Love to Hate You (TV series),Love to Hate You,https://image.tmdb.org/t/p/w500/kbfcnflR4FnfxvSnXR536V4FMUB.jpg
73152498,Eva_Lasting,Eva Lasting,Eva Lasting,https://image.tmdb.org/t/p/w500/nd0zhdvXyIdAqlc1ulYAMeWiEvO.jpg
61523694,Ginny_&_Georgia,Ginny & Georgia,Ginny & Georgia,https://image.tmdb.org/t/p/w500/j1yqOSVVskSYpYreNT0VeD1S3Dq.jpg
72799886,Full_Swing_(2023_TV_series),Full Swing (2023 TV series),Full Swing,https://image.tmdb.org/t/p/w500/9w9e2vtw4xrlq03GX4uZIxm5fRT.jpg
57329540,New_Amsterdam_(2018_TV_series),New Amsterdam (2018 TV series),New Amsterdam,https://image.tmdb.org/t/p/w500/jsH4AeGZn5Q6h314A3OTUHKxHhR.jpg
69404887,Lockwood_&_Co._(TV_series),Lockwood & Co. (TV series),Lockwood & Co.,https://image.tmdb.org/t/p/w500/lxWSGo8D6MbFbQmM9tqhbaG80TP.jpg
72760024,The_Snow_Girl_(TV_series),The Snow Girl (TV series),The Snow Girl,https://image.tmdb.org/t/p/w500/xoxglyQtYXsMk15DpsWVvbG1X9F.jpg
71931645,The_Interest_of_Love,The Interest of Love,The Interest of Love,https://image.tmdb.org/t/p/w500/5TcZpfh1JgLKR6sWf6iF4arEGcm.jpg
48000897,Class_(2016_TV_series),Class (2016 TV series),Class,https://image.tmdb.org/t/p/w500/74W4oKwZR71cXv76R6BsAPMlTr7.jpg
70149673,Til_Money_Do_Us_Part,Til Money Do Us Part,Til Money Do Us Part,
65539844,Vikings:_Valhalla,Vikings: Valhalla,Vikings: Valhalla,https://image.tmdb.org/t/p/w500/uCr7Ov7Rpzx0c0EPqbPcoEruTYl.jpg
68944355,That_'90s_Show,That '90s Show,That '90s Show,https://image.tmdb.org/t/p/w500/nZcufEuqZqNYMx6mNjlh2rmjDqx.jpg
68830938,Freeridge,Freeridge,Freeridge,https://image.tmdb.org/t/p/w500/14dtUdFPXmjLNNOjkYCHCNOg01d.jpg
72917919,Women_at_War_(TV_series),Women at War (TV series),Women at War,https://image.tmdb.org/t/p/w500/3pjmXpvWwEU4e9GFioGMwIsHBkM.jpg
72868247,Shahmaran_(TV_series),Shahmaran (TV series),Shahmaran,https://image.tmdb.org/t/p/w500/Syz73lDTw9A4AeUIVDJvaYbXJh.jpg
68486689,Bake_Squad,Bake Squad,Bake Squad,https://image.tmdb.org/t/p/w500/5RE1VcCBSr4MWTgC9L0Rk5SbDIF.jpg
68777278,Kaleidoscope_(American_TV_series),Kaleidoscope (American TV series),Kaleidoscope,https://image.tmdb.org/t/p/w500/2nXJoSB5Y6R9ne7pjqL7Cs3zqY1.jpg
45421235,Fauda,Fauda,Fauda,https://image.tmdb.org/t/p/w500/mwBIU47TXHhJKi0vlk1iOzWhDre.jpg
58411201,Emily_in_Paris,Emily in Paris,Emily in Paris,https://image.tmdb.org/t/p/w500/qYGIf2QAhSIa5Xbf72QvLtte2e8.jpg
58660705,Sky_Rojo,Sky Rojo,Sky Rojo,https://image.tmdb.org/t/p/w500/vu2uJEdX3UPcF8NC6wvBXGcsDJ4.jpg
66174045,Alice_in_Borderland_(TV_series),Alice in Borderland (TV series),Alice in Borderland,https://image.tmdb.org/t/p/w500/20mOwAAPwZ1vLQkw0fvuQHiG7bO.jpg
71899218,The_Recruit_(American_TV_series),The Recruit (American TV series),The Recruit,https://image.tmdb.org/t/p/w500/mLbFg0u2DPYuB5CILzwWk3kdI8b.jpg
72930256,Madoff:_The_Monster_of_Wall_Street,Madoff: The Monster of Wall Street,MADOFF: The Monster of Wall Street,https://image.tmdb.org/t/p/w500/cp1kTIj3rEZsinWbYMGBfjgVHv7.jpg
72593755,Treason_(TV_series),Treason (TV series),Treason,https://image.tmdb.org/t/p/w500/qOitarv5B5ydsScN3dkJPipYPg3.jpg
68490285,The_Witcher:_Blood_Origin,The Witcher: Blood Origin,The Witcher: Blood Origin,https://image.tmdb.org/t/p/w500/vpfJK9F0UJNcAIIeC42oJyKMnZQ.jpg
72392047,Harry_&_Meghan,Harry & Meghan,Harry & Meghan,https://image.tmdb.org/t/p/w500/nxbQLpCm78w5UHOyLrnkFJVCY7p.jpg
66726059,Daughter_from_Another_Mother,Daughter from Another Mother,Daughter From Another Mother,https://image.tmdb.org/t/p/w500/lq0n5QzBA78ndUDb9SdN93P8hjY.jpg
68074794,Reborn_Rich,Reborn Rich,Reborn Rich,https://image.tmdb.org/t/p/w500/ioywelRYOfNJ5w8aNQ5ttJo9dk1.jpg
58660068,I_Am_a_Killer,I Am a Killer,I AM A KILLER,https://image.tmdb.org/t/p/w500/1dJcf9KiZ1lNgjiTv5H8irIo2Ky.jpg
9223700,Blood_Ties_(TV_series),Blood Ties (TV series),Blood Ties,https://image.tmdb.org/t/p/w500/mfUkWEtIl0U4ZpaVyshzrQXXojS.jpg
62767431,1899_(TV_series),1899 (TV series),1899,https://image.tmdb.org/t/p/w500/qmpUDEgZawIlDU5HP3IJ9HjnpI3.jpg
68194961,Money_Heist:_Korea_–_Joint_Economic_Area,Money Heist: Korea – Joint Economic Area,Money Heist: Korea - Joint Economic Area,https://image.tmdb.org/t/p/w500/mbsRGqJtdKcVbjQxkrfzKCAkYoU.jpg
57217963,Lookism_(manhwa),Lookism (manhwa),Lookism,https://image.tmdb.org/t/p/w500/vRr79QmmJfWfuOMASL57cy5rJGD.jpg
71530048,Under_the_Queen's_Umbrella,Under the Queen's Umbrella,Under the Queen's Umbrella,https://image.tmdb.org/t/p/w500/817aakHe145GTVEi6LzxHSBpbth.jpg
72749023,Snack_vs._Chef,Snack vs. Chef,Snack VS. Chef,https://image.tmdb.org/t/p/w500/5wSrfDKiQfjKmXg6qkVkpNWCXTJ.jpg
57041239,Dead_to_Me_(TV_series),Dead to Me (TV series),Dead to Me,https://image.tmdb.org/t/p/w500/mAj18PHeACxqcrEus4pD8pksRmB.jpg
72367360,First_Love_(2022_TV_series),First Love (2022 TV series),First Love,https://image.tmdb.org/t/p/w500/zlt5QDitpurbI6Nd2Kip5d5pKm1.jpg
72416765,Crime_Scene:_The_Texas_Killing_Fields,Crime Scene: The Texas Killing Fields,Crime Scene: The Texas Killing Fields,https://image.tmdb.org/t/p/w500/lIQN4JWtO0opwEVdUOtMqU3Yaaz.jpg
72171032,Khakee:_The_Bihar_Chapter,Khakee: The Bihar Chapter,Khakee: The Bihar Chapter,https://image.tmdb.org/t/p/w500/xvr3WrwAQMlcb00OZEos9nLekTE.jpg
42403589,JoJo's_Bizarre_Adventure_(TV_series),JoJo's Bizarre Adventure (TV series),JoJo's Bizarre Adventure,https://image.tmdb.org/t/p/w500/ogAWwbh3frWtiTyyXrZaVFtqCgp.jpg
70493728,Extraordinary_Attorney_Woo,Extraordinary Attorney Woo,Extraordinary Attorney Woo,https://image.tmdb.org/t/p/w500/zuNOQVI4rEaqwknrfQUVKtlKE2C.jpg
72136810,"Pepsi,_Where's_My_Jet?","Pepsi, Where's My Jet?","Pepsi, Where's My Jet?",https://image.tmdb.org/t/p/w500/cYBeamfce9rVsnyU3NtG6HGiAVP.jpg
60274414,Warrior_Nun_(TV_series),Warrior Nun (TV series),Warrior Nun,https://image.tmdb.org/t/p/w500/fLP0mA7FiERZhDP1NJUaHpm6XM8.jpg
69968736,Somebody_(TV_series),Somebody (TV series),Somebody,
63977384,Café_con_aroma_de_mujer_(2021_TV_series),Café con aroma de mujer (2021 TV series),Café con aroma de mujer,
72057432,Ancient_Apocalypse,Ancient Apocalypse,Ancient Apocalypse,https://image.tmdb.org/t/p/w500/zvEXNgE13GZLlbYdbZj4sxu97BG.jpg
62767489,From_Scratch_(TV_series),From Scratch (TV series),From Scratch,https://image.tmdb.org/t/p/w500/s8D32MA8NlNgixnAIxVbmt9cazX.jpg
69578825,Little_Women_(2022_TV_series),Little Women (2022 TV series),Little Women,https://image.tmdb.org/t/p/w500/zfCqC5pqIO769xr4ZWtY3lxQ4gP.jpg
71863118,Inside_Man_(2022_TV_series),Inside Man (2022 TV series),Inside Man,https://image.tmdb.org/t/p/w500/6Ru0To7dpQjNvIKNiEXmmOLDqHA.jpg
69902123,The_Watcher_(2022_TV_series),The Watcher (2022 TV series),The Watcher,https://image.tmdb.org/t/p/w500None
68630624,Guillermo_del_Toro's_Cabinet_of_Curiosities,Guillermo del Toro's Cabinet of Curiosities,Guillermo del Toro's Cabinet of Curiosities,https://image.tmdb.org/t/p/w500/a91e9hpWwfCqxJI4xM9Q2RhuxgI.jpg
50658325,If_Only_(TV_series),If Only (TV series),If Only,https://image.tmdb.org/t/p/w500/jxJofiJUE9v8gBBmgVZKITHpLRC.jpg
5060456,Dahmer_(film),Dahmer (film),DAHMER,
65666122,Barbarians_(2020_TV_series),Barbarians (2020 TV series),Barbarians,https://image.tmdb.org/t/p/w500/7R0pfHZxxpvBtWaS8nQTr6jA2M3.jpg
71592564,Once_Upon_a_Small_Town,Once Upon a Small Town,Once Upon a Small Town,https://image.tmdb.org/t/p/w500/9DNkebzIQNAzr5YSi96RCZ0D3Q6.jpg
225874,Unsolved_Mysteries,Unsolved Mysteries,Unsolved Mysteries,https://image.tmdb.org/t/p/w500/1bOXbWqNsRU2ykPiE586I18coLf.jpg
71846839,The_Empress_(TV_series),The Empress (TV series),The Empress,
66590033,The_Midnight_Club,The Midnight Club,The Midnight Club,https://image.tmdb.org/t/p/w500/4UX51lzab7V2bv5rIXahHJUsPrT.jpg
52905986,The_Sinner_(TV_series),The Sinner (TV series),The Sinner,https://image.tmdb.org/t/p/w500/rmibFGdqOe0kKKhPls0jVOdZCWw.jpg
54014276,Dynasty_(2017_TV_series),Dynasty (2017 TV series),Dynasty,https://image.tmdb.org/t/p/w500/bKBTf22IDwD39GbpQ6clYQ2WCtA.jpg
71905777,The_Playlist_(TV_series),The Playlist (TV series),The Playlist,https://image.tmdb.org/t/p/w500/h8uwJF6ZCtujtDyvg8pcNdMe11B.jpg
72050741,High_Water_(TV_series),High Water (TV series),High Water,https://image.tmdb.org/t/p/w500/9YTkbm95KNSlfgRfwA9MnJnBE9e.jpg
72370646,Conversations_with_a_Killer:_The_Jeffrey_Dahmer_Tapes,Conversations with a Killer: The Jeffrey Dahmer Tapes,Conversations with a Killer: The Jeffrey Dahmer Tapes,https://image.tmdb.org/t/p/w500/5BTn4GxWL48BP8OkfiatxZ6qpuE.jpg
71120859,Oddballs_(TV_series),Oddballs (TV series),Oddballs,https://image.tmdb.org/t/p/w500/cCJ60PDEXgavJ1vxWAjW1PMuZd6.jpg
66472318,Bling_Empire,Bling Empire,Bling Empire,https://image.tmdb.org/t/p/w500/gMiq9zJs4UNFV61HKhfWvbzLFgu.jpg
61530458,Fate:_The_Winx_Saga,Fate: The Winx Saga,Fate: The Winx Saga,https://image.tmdb.org/t/p/w500/oHj6guMrLfQcBzo3uxwBJc8Y736.jpg
17486994,The_Mole_(American_TV_series),The Mole (American TV series),The Mole,https://image.tmdb.org/t/p/w500/uhUPGELqpHJ3hoeO5DjOwlDRpwe.jpg
69512948,"El_rey,_Vicente_Fernández","El rey, Vicente Fernández","El Rey, Vicente Fernández",https://image.tmdb.org/t/p/w500/47leR43QzwZGcrtLo5ssRCP0Nz8.jpg
44422396,Glitch_(Australian_TV_series),Glitch (Australian TV series),Glitch,https://image.tmdb.org/t/p/w500/po8xF3i0A3YbkXRDM64JdgFI8vd.jpg
67801820,Young_Lady_and_Gentleman,Young Lady and Gentleman,Young Lady and Gentleman,https://image.tmdb.org/t/p/w500/vyahc0o4Xfbw0pZdz5QiqXxDRNH.jpg
1450182,Cobra_Kai,Cobra Kai,Cobra Kai,https://image.tmdb.org/t/p/w500/m7tG5E1EbywuwTsl6hq990So0Bx.jpg
46301800,Stranger_Things,Stranger Things,Stranger Things,https://image.tmdb.org/t/p/w500/uOOtwVbSr4QDjAGIifLDwpb2Pdl.jpg
70586710,Conversations_with_a_Killer:_The_John_Wayne_Gacy_Tapes,Conversations with a Killer: The John Wayne Gacy Tapes,Conversations with a Killer: The John Wayne Gacy Tapes,https://image.tmdb.org/t/p/w500/dc9IY0ZT2T3gw0RfjmQdsoWp992.jpg
64382191,Cyberpunk:_Edgerunners,Cyberpunk: Edgerunners,Cyberpunk: Edgerunners,https://image.tmdb.org/t/p/w500/7jSWOc6jWSw5hZ78HB8Hw3pJxuk.jpg
69819696,Narco-Saints,Narco-Saints,Narco-Saints,https://image.tmdb.org/t/p/w500/8ivM3YptVuFgumcZMjCMi28k2EF.jpg
69521894,Diary_of_a_Gigolo,Diary of a Gigolo,Diary of a Gigolo,https://image.tmdb.org/t/p/w500/xuqszO6iQXqBsD4kP2xhlBN5ggc.jpg
71397559,Thai_Cave_Rescue,Thai Cave Rescue,Thai Cave Rescue,https://image.tmdb.org/t/p/w500/aTdJPB9DwF6XMAPYkTQ1RWMfhI8.jpg
67436002,The_Imperfects,The Imperfects,The Imperfects,https://image.tmdb.org/t/p/w500/ntbfqgORC8JRRWQ5pQ56psC2Wot.jpg
71764443,Santo_(TV_series),Santo (TV series),Santo,https://image.tmdb.org/t/p/w500/qIF53PuAJB0SE37IuPe77xCBuse.jpg
71354402,High_Heat_(TV_series),High Heat (TV series),High Heat,https://image.tmdb.org/t/p/w500/r8mcDchpcds0u3yhpkkOtFXP4qb.jpg
69387056,Devil_in_Ohio,Devil in Ohio,Devil in Ohio,https://image.tmdb.org/t/p/w500/AsdjYB61U8zVAsEyQgOebAjCoUN.jpg
61192291,The_Sandman_(TV_series),The Sandman (TV series),The Sandman,https://image.tmdb.org/t/p/w500/q54qEgagGOYCq5D1903eBVMNkbo.jpg
68723026,Partner_Track,Partner Track,Partner Track,https://image.tmdb.org/t/p/w500/ekb76bz68oSJrbYrDMCYsLI5I6E.jpg
68085855,Echoes_(miniseries),Echoes (miniseries),Echoes,https://image.tmdb.org/t/p/w500/hz8YGIZETHJhXYWGaHsFPVwU4YU.jpg
986974,Pasión_de_Gavilanes,Pasión de Gavilanes,Pasión de Gavilanes,https://image.tmdb.org/t/p/w500/91UV7pNcDPhIzJl7EuK36sK5vRG.jpg
69150231,Family_Secrets_(2021_TV_series),Family Secrets (2021 TV series),Family Secrets,https://image.tmdb.org/t/p/w500/qyv5gt85RRfBb1hSedHIPTyiTQb.jpg
33125706,Kleo,Kleo,Kleo,https://image.tmdb.org/t/p/w500/2ahFUJPV6eBah5YqB0eNx5XTHei.jpg
2635885,Under_Fire,Under Fire,Under Fire,https://image.tmdb.org/t/p/w500/2oXF52JveZKcseNCbrZgC7JRWOU.jpg
57997702,Locke_&_Key_(TV_series),Locke & Key (TV series),Locke & Key,https://image.tmdb.org/t/p/w500/zuxGfRKziGHPogipnEXXykdDmyT.jpg
69047370,The_Girl_in_the_Mirror,The Girl in the Mirror,The Girl in the Mirror,https://image.tmdb.org/t/p/w500/6xI0gpmNljWQRCkB8UgSraXRB56.jpg
69960595,A_Model_Family,A Model Family,A Model Family,https://image.tmdb.org/t/p/w500/eRtszL5XtARh2u5JMppmtEtxJmT.jpg
66888221,Alba_(TV_series),Alba (TV series),Alba,https://image.tmdb.org/t/p/w500/pubcatJw5MZNuTJ78atJBkw9crW.jpg
71097427,Keep_Breathing_(TV_series),Keep Breathing (TV series),Keep Breathing,https://image.tmdb.org/t/p/w500/6t0hmlr5jLauJJp2WsB5DsKntYq.jpg
71292781,Uncoupled,Uncoupled,Uncoupled,https://image.tmdb.org/t/p/w500/ckwIGJghs2AuUcjyhByRlXNMBYZ.jpg
1961699,Rebelde,Rebelde,Rebelde,https://image.tmdb.org/t/p/w500/kQHXg2BOiODkF4yVI75NcodMmAJ.jpg
69856905,Remarriage_&_Desires,Remarriage & Desires,Remarriage & Desires,https://image.tmdb.org/t/p/w500/hqABG0jPug0NoFpCcJYAtrRdIk3.jpg
52820,Resident_Evil,Resident Evil,Resident Evil,https://image.tmdb.org/t/p/w500/rmLvn4w4HMdxobPkjmIqrhJiXDO.jpg
71434006,The_Most_Hated_Man_on_the_Internet,The Most Hated Man on the Internet,The Most Hated Man on the Internet,https://image.tmdb.org/t/p/w500/o7T8kAyPtH4wfr8ifNgQyRBWIWM.jpg
48120932,Oh_My_Venus,Oh My Venus,Oh My Venus,https://image.tmdb.org/t/p/w500/b5OmYuMV2np2Zh0Z5sYiCiymVGX.jpg
70324713,Kung_Fu_Panda:_The_Dragon_Knight,Kung Fu Panda: The Dragon Knight,Kung Fu Panda: The Dragon Knight,https://image.tmdb.org/t/p/w500/7C9TKvU5dNyhvoG9kQvRFsg6vlA.jpg
55762562,The_Umbrella_Academy_(TV_series),The Umbrella Academy (TV series),The Umbrella Academy,https://image.tmdb.org/t/p/w500/qhcwrnnCnN8NE1N6XXKHFmveJR9.jpg
64029897,Backstreet_Rookie,Backstreet Rookie,Backstreet Rookie,https://image.tmdb.org/t/p/w500/rV9wPNgfvNakfSKoPQRIFVBJnqN.jpg
71268789,The_Longest_Night_(TV_series),The Longest Night (TV series),The Longest Night,https://image.tmdb.org/t/p/w500/sbT2rJSszeYVaWfOqz9dT8cz2Ra.jpg
66633594,"Boo,_Bitch","Boo, Bitch","Boo, Bitch",https://image.tmdb.org/t/p/w500/b3zagQAHUUePg29xjp9SYoxtsv7.jpg
47951220,Alone_(TV_series),Alone (TV series),Alone,https://image.tmdb.org/t/p/w500/c2NlSxn82m6q2Z3NXjVuGmbzG2m.jpg
63801995,Control_Z,Control Z,Control Z,https://image.tmdb.org/t/p/w500/8VNA0RdrPk8Ec7XVjpeT0Rnui79.jpg
66064987,She_Would_Never_Know,She Would Never Know,She Would Never Know,https://image.tmdb.org/t/p/w500/7ybwEHiPOEZwWysHoaQ9uCQCMTM.jpg
66772481,Capitani_(TV_series),Capitani (TV series),Capitani,https://image.tmdb.org/t/p/w500/AltQRrBvpQNecDNFtrAQmCNAqvq.jpg
38432808,Peaky_Blinders_(TV_series),Peaky Blinders (TV series),Peaky Blinders,https://image.tmdb.org/t/p/w500/vUUqzWa2LnHIVqkaKVlVGkVcZIW.jpg
1090403,"Yo_soy_Betty,_la_fea","Yo soy Betty, la fea","Yo soy Betty, la fea",
69393609,Ghost_Doctor,Ghost Doctor,Ghost Doctor,https://image.tmdb.org/t/p/w500/1TWwuZR398ytSZX0RdsOyECu9sC.jpg
62915437,Malverde:_El_Santo_Patrón,Malverde: El Santo Patrón,"Malverde, el santo patrón",https://image.tmdb.org/t/p/w500/67treAktbvtXLdwRhtlPjPvV60J.jpg
70747300,Man_vs._Bee,Man vs. Bee,Man Vs Bee,https://image.tmdb.org/t/p/w500/c80mxgOPvSWJBcgWoI5bf3et5Ws.jpg
70984990,Intimacy_(TV_series),Intimacy (TV series),Intimacy,https://image.tmdb.org/t/p/w500/a5OSupEApopDRvC3gZb661LoChb.jpg
62475489,Queen_(TV_series),Queen (TV series),Queen,
67372730,You_Don't_Know_Me_(TV_series),You Don't Know Me (TV series),You Don't Know Me,https://image.tmdb.org/t/p/w500/xgaMPHjbv1RqeVocoiC1y3quyeM.jpg
65676574,First_Kill_(TV_series),First Kill (TV series),First Kill,https://image.tmdb.org/t/p/w500/hwSy1vVaRzV70ZvAEsl6FGOHNlH.jpg
68419373,The_War_Next-door,The War Next-door,The War Next-door,https://image.tmdb.org/t/p/w500/btZ7EjWaap6bdPTGKefn9rsc4Ok.jpg
63287986,She_(TV_series),She (TV series),She,https://image.tmdb.org/t/p/w500/YMDfnHowqwi4xRwbZhyFuz15J8.jpg
69616257,Our_Blues,Our Blues,Our Blues,https://image.tmdb.org/t/p/w500/sT5Mlt5UmKiGfBisccwmD4LnPRD.jpg
2708861,Spriggan_(manga),Spriggan (manga),SPRIGGAN,https://image.tmdb.org/t/p/w500/xw3wplPpAweQG0Na1KmAdrx90lx.jpg
71008184,Keep_Sweet:_Pray_and_Obey,Keep Sweet: Pray and Obey,Keep Sweet: Pray and Obey,https://image.tmdb.org/t/p/w500/4Nmb8R9fO9ezzTDZKE5hwkPhu7M.jpg
69068967,God's_Favorite_Idiot,God's Favorite Idiot,God's Favorite Idiot,https://image.tmdb.org/t/p/w500/3lCe1vzmHvKCHLFz2tYYoArux1Q.jpg
68192223,My_Liberation_Notes,My Liberation Notes,My Liberation Notes,https://image.tmdb.org/t/p/w500/olmfFeKZyQoTwj9Zo3Y5IUaioPB.jpg
67303268,Who_Killed_Sara?,Who Killed Sara?,Who Killed Sara?,https://image.tmdb.org/t/p/w500/o7uk5ChRt3quPIv8PcvPfzyXdMw.jpg
49545674,Ozark_(TV_series),Ozark (TV series),Ozark,https://image.tmdb.org/t/p/w500/m73bD8VjibSKuTWg597GQVyVhSb.jpg
70278471,The_Boss_Baby:_Back_in_the_Crib,The Boss Baby: Back in the Crib,The Boss Baby: Back in the Crib,https://image.tmdb.org/t/p/w500/18f8ASmigtrQTm8MARHD8Af47db.jpg
376237,Shaman_King,Shaman King,SHAMAN KING,https://image.tmdb.org/t/p/w500/teXqFftBqZJq5xPATc3WO1BwrgG.jpg
67590558,Business_Proposal,Business Proposal,Business Proposal,https://image.tmdb.org/t/p/w500/iLh7L8ZuvgdxFaM9sImyv2iKYLe.jpg
59959174,"Love,_Death_&_Robots","Love, Death & Robots","Love, Death & Robots",https://image.tmdb.org/t/p/w500/cRiDlzzZC5lL7fvImuSjs04SUIJ.jpg
71322329,Savage_Beauty_(TV_series),Savage Beauty (TV series),Savage Beauty,https://image.tmdb.org/t/p/w500/nT9TdyMkIp9UpsmWbwIWdTUFS9Q.jpg
43696046,Grace_and_Frankie,Grace and Frankie,Grace and Frankie,https://image.tmdb.org/t/p/w500/4eki1eer552hvm3w73ENrZwmTgq.jpg
67871117,Anatomy_of_a_Scandal,Anatomy of a Scandal,Anatomy of a Scandal,https://image.tmdb.org/t/p/w500/e1pUQkXbFNI6xH4oDuHnyJoOSib.jpg
67784975,The_Sound_of_Magic,The Sound of Magic,The Sound of Magic,https://image.tmdb.org/t/p/w500/muaqMAPiEEYILOdDv72PC8sZ7HQ.jpg
70703689,Clark_(TV_series),Clark (TV series),Clark,https://image.tmdb.org/t/p/w500/3rEDgwd6gVi7cPUHufZLnF63fS8.jpg
70782772,42_Days_of_Darkness,42 Days of Darkness,42 Days of Darkness,https://image.tmdb.org/t/p/w500/sO6DNZlNX2IkIJyWZs9e2wYYElc.jpg
2318102,Pedro_el_escamoso,Pedro el escamoso,Pedro el escamoso,https://image.tmdb.org/t/p/w500/v0DhAsHHiFpMmbe6zWG6F15gh4f.jpg
70714573,Blood_Sisters_(2022_TV_series),Blood Sisters (2022 TV series),Blood Sisters,
54342192,El_marginal,El marginal,El marginal,https://image.tmdb.org/t/p/w500/p1GFsUK5nCVHYNtjRxoGyfGdD9C.jpg
70858072,The_7_Lives_of_Lea,The 7 Lives of Lea,The 7 Lives of Lea,https://image.tmdb.org/t/p/w500/bXKnfvTnpmyStp3R49NBQSjOVCk.jpg
70380267,The_Creature_Cases,The Creature Cases,The Creature Cases,https://image.tmdb.org/t/p/w500/tFi3nx53Dfwa5YOd4J2VnIXpqBk.jpg
75400526,Hold_Tight_(miniseries),Hold Tight (miniseries),Hold Tight,https://image.tmdb.org/t/p/w500/qygp0NXtAeEIq4XYno0yu6ZRzDF.jpg
60163783,Twenty-Five_Twenty-One,Twenty-Five Twenty-One,Twenty Five Twenty One,https://image.tmdb.org/t/p/w500/yCQFnmYhYf7XALMka2EoBRAFmPO.jpg
46286191,Married_at_First_Sight_(Australian_TV_series),Married at First Sight (Australian TV series),Married at First Sight,https://image.tmdb.org/t/p/w500/koxpnrsHc5ZdzmFtTPu0sxkbAmm.jpg
70530543,Our_Great_National_Parks,Our Great National Parks,Our Great National Parks,https://image.tmdb.org/t/p/w500/3ny9qqgIM2M6LgfLDAXujTOTmBO.jpg
68699136,Heirs_to_the_Land,Heirs to the Land,Heirs to the Land,https://image.tmdb.org/t/p/w500/zuYtzT6rLn5N4g5XHivpkaM5Yls.jpg
169409,Happiness,Happiness,Happiness,https://image.tmdb.org/t/p/w500None
62423994,Inventing_Anna,Inventing Anna,Inventing Anna,https://image.tmdb.org/t/p/w500/4p3gJ9Ac0DfEyHf8mrbcmhUoby8.jpg
49192804,Queen_of_the_South_(TV_series),Queen of the South (TV series),Queen of the South,https://image.tmdb.org/t/p/w500/rzdC5EHkkKJE6OPVdh6gT1pR1c9.jpg
70481404,Jimmy_Savile:_A_British_Horror_Story,Jimmy Savile: A British Horror Story,Jimmy Savile: A British Horror Story,https://image.tmdb.org/t/p/w500/2ZEA9sDHYjlizdkQhO5mFDLlm13.jpg
69537860,Forecasting_Love_and_Weather,Forecasting Love and Weather,Forecasting Love and Weather,https://image.tmdb.org/t/p/w500/3Qfh99m0jShWrqlFRsnWY7HeHNX.jpg
43780513,The_Last_Kingdom_(TV_series),The Last Kingdom (TV series),The Last Kingdom,https://image.tmdb.org/t/p/w500/8eJf0hxgIhE6QSxbtuNCekTddy1.jpg
69439565,Thirty-Nine,Thirty-Nine,Thirty-Nine,https://image.tmdb.org/t/p/w500/8Pz7dZRjuxoRzwYBMLdVBTtcEBi.jpg
64308826,All_of_Us_Are_Dead,All of Us Are Dead,All of Us Are Dead,https://image.tmdb.org/t/p/w500/pTEFqAjLd5YTsMD6NSUxV6Dq7A6.jpg
68952404,Juvenile_Justice_(TV_series),Juvenile Justice (TV series),Juvenile Justice,https://image.tmdb.org/t/p/w500/xH2wTVlsUlYeFEOVGFDaamHkMCm.jpg
59875305,Pieces_of_Her_(TV_series),Pieces of Her (TV series),PIECES OF HER,https://image.tmdb.org/t/p/w500/nl94OTanC4udTHARATW7yet3MiB.jpg
42400464,Taboo_(2017_TV_series),Taboo (2017 TV series),Taboo,https://image.tmdb.org/t/p/w500/om1wVOuEtwH3krHutIWO9sJzkS5.jpg
57477424,The_Queen_of_Flow,The Queen of Flow,The Queen of Flow,https://image.tmdb.org/t/p/w500/fuVuDYrs8sxvEolnYr0wCSvtyTi.jpg
70325619,Bad_Vegan:_Fame._Fraud._Fugitives.,Bad Vegan: Fame. Fraud. Fugitives.,Bad Vegan: Fame. Fraud. Fugitives.,https://image.tmdb.org/t/p/w500/kcZ0dcgRo5miznCTJtqoB2b6p4j.jpg
69126604,Human_Resources_(TV_series),Human Resources (TV series),Human Resources,https://image.tmdb.org/t/p/w500/l4qa8Xv0kC8ZfAiXCyZcKe8AWNK.jpg
70376277,Cracow_Monsters,Cracow Monsters,Cracow Monsters,https://image.tmdb.org/t/p/w500/acsp3Bm3cSlQtUGDWNmSFgp4Tzl.jpg
54044991,Good_Girls_(TV_series),Good Girls (TV series),Good Girls,https://image.tmdb.org/t/p/w500/gPjcbxrYfbrJNq1Ja8EGd0XtUnC.jpg
67196588,Lies_and_Deceit,Lies and Deceit,Lies and Deceit,https://image.tmdb.org/t/p/w500/xnXVRGzLRLWnwP38tbAR6hE4bFC.jpg
70196956,Worst_Roommate_Ever,Worst Roommate Ever,Worst Roommate Ever,https://image.tmdb.org/t/p/w500/zR9M7RmqYlIFYguZFI6JliEVXNX.jpg
70245072,Midnight_at_the_Pera_Palace,Midnight at the Pera Palace,Midnight at the Pera Palace,https://image.tmdb.org/t/p/w500/esrggEWrlpjncn6y4tyHBJ0syLn.jpg
67505879,One_of_Us_Is_Lying_(TV_series),One of Us Is Lying (TV series),One of Us Is Lying,https://image.tmdb.org/t/p/w500/hKMpbHY7xqFKaBR8W7jE61JlQB6.jpg
67195887,The_Cuphead_Show!,The Cuphead Show!,The Cuphead Show!,https://image.tmdb.org/t/p/w500/l6nGUyxKCi7ODvyfc8qQShliVEd.jpg
70189136,The_Fame_Game_(TV_series),The Fame Game (TV series),The Fame Game,https://image.tmdb.org/t/p/w500/rLqX8PWdSJVmKfBqSEg24bERIEg.jpg
62481313,Dark_Desire_(TV_series),Dark Desire (TV series),Dark Desire,https://image.tmdb.org/t/p/w500/uxFNAo2A6ZRcgNASLk02hJUbybn.jpg
61892962,Space_Force_(TV_series),Space Force (TV series),Space Force,https://image.tmdb.org/t/p/w500/zgu3p4NvisS8CI68cUfBKbvAvu8.jpg
55464462,Raising_Dion,Raising Dion,Raising Dion,https://image.tmdb.org/t/p/w500/nydKXBiLn4vpL1d5o1utbPKYdii.jpg
63726380,Toy_Boy_(TV_series),Toy Boy (TV series),Toy Boy,https://image.tmdb.org/t/p/w500/5jhblvJAmiAVpxWOEXemqEUJYAA.jpg
74756115,"Devotion,_a_Story_of_Love_and_Desire","Devotion, a Story of Love and Desire","Devotion, a Story of Love and Desire",https://image.tmdb.org/t/p/w500/2RdEzEl8TrLeJpTOsKdfsky64y7.jpg
65635679,The_Woman_in_the_House_Across_the_Street_from_the_Girl_in_the_Window,The Woman in the House Across the Street from the Girl in the Window,The Woman in the House Across the Street from the Girl in the Window,https://image.tmdb.org/t/p/w500/riSoMsWYkwqed4ul5PgHOnbIVFp.jpg
69859561,In_From_the_Cold,In From the Cold,In From the Cold,https://image.tmdb.org/t/p/w500/n1eL0iQiLx141MSVbDoY4B24Oqo.jpg
68201422,Our_Beloved_Summer,Our Beloved Summer,Our Beloved Summer,https://image.tmdb.org/t/p/w500/bA15g6OLmhQ2HkURRaCztA2jwqI.jpg
67232008,Feria:_The_Darkest_Light,Feria: The Darkest Light,Feria: The Darkest Light,https://image.tmdb.org/t/p/w500/k1m4aydO6752Czydk3Z8dR4yP0L.jpg
65419356,Archive_81,Archive 81,Archive 81,https://image.tmdb.org/t/p/w500/l1jeSEm6a88GFcLzlHQr60D0dOi.jpg
49281386,Riverdale_(American_TV_series),Riverdale (American TV series),Riverdale,https://image.tmdb.org/t/p/w500/c1ROxK1Afo6YuGi3j6ClXmrNcHi.jpg
69878615,Neymar:_The_Perfect_Chaos,Neymar: The Perfect Chaos,Neymar: The Perfect Chaos,https://image.tmdb.org/t/p/w500/nZNd2kJMNg2qz89pQ0gVvPP064z.jpg
43785143,Summer_Heat,Summer Heat,Summer Heat,https://image.tmdb.org/t/p/w500/4FsjdxJYhOYxJUp32KqZw9Mn7i2.jpg
55089963,Carinha_de_Anjo,Carinha de Anjo,Carinha de Anjo,https://image.tmdb.org/t/p/w500/c0nfxUyEK33NrDt2XU6EQX1YW5J.jpg
3296630,Stay_Close,Stay Close,Stay Close,https://image.tmdb.org/t/p/w500/dOxXkneHeiAVbdpkEbajgiwobO9.jpg
62834752,Cheer_(TV_series),Cheer (TV series),Cheer,https://image.tmdb.org/t/p/w500/5GzthY7qguoUs43K9qmwHJWjI05.jpg
70207996,Yeh_Kaali_Kaali_Ankhein,Yeh Kaali Kaali Ankhein,Yeh Kaali Kaali Ankhein,https://image.tmdb.org/t/p/w500/cyHFgiRHBW3DP43x0vw2gpBpBUx.jpg
61274484,Undercover_(2019_TV_series),Undercover (2019 TV series),Undercover,https://image.tmdb.org/t/p/w500/vxMMFnDCMw9ZCSHNQSb2XLNr7gt.jpg
56530422,Queer_Eye_(2018_TV_series),Queer Eye (2018 TV series),Queer Eye,https://image.tmdb.org/t/p/w500/9x2loam4P2YbDsjqIrzVeBgVMaP.jpg
65552651,The_Silent_Sea_(TV_series),The Silent Sea (TV series),The Silent Sea,https://image.tmdb.org/t/p/w500/fFT0IgqtCOks4munDTxQwkvNJkd.jpg
69613484,Crime_Scene:_The_Times_Square_Killer,Crime Scene: The Times Square Killer,Crime Scene: The Times Square Killer,https://image.tmdb.org/t/p/w500/biCPeLB51ZhRb9OhprVc02G2Xz3.jpg
69635545,The_Girl_from_Oslo_(TV_series),The Girl from Oslo (TV series),The Girl from Oslo,https://image.tmdb.org/t/p/w500/4PqlnzWJhcPJ3vDHD7av5ppX35I.jpg
50961258,Lost_in_Space_(2018_TV_series),Lost in Space (2018 TV series),Lost in Space,https://image.tmdb.org/t/p/w500/dGhtCpYZutuso2P3GKWnQnqwhSi.jpg
43745773,PAW_Patrol,PAW Patrol,PAW Patrol,https://image.tmdb.org/t/p/w500/8HXkgUBO5OF8ZK9XbY69RM4S5rv.jpg
68264835,The_King's_Affection,The King's Affection,The King's Affection,https://image.tmdb.org/t/p/w500/mcfX0IqWibPhF5H4i2Q5gUlwwxk.jpg
63376140,Arcane_(TV_series),Arcane (TV series),Arcane,https://image.tmdb.org/t/p/w500/fqldf2t8ztc9aiwn3k6mlX3tvRT.jpg
69612080,Aranyak_(TV_series),Aranyak (TV series),Aranyak,https://image.tmdb.org/t/p/w500/1UF9jPy2nkJgYnYtEyX8JyPXiQM.jpg
67548179,Hometown_Cha-Cha-Cha,Hometown Cha-Cha-Cha,Hometown Cha-Cha-Cha,https://image.tmdb.org/t/p/w500/en6lrlJ1DhyvkeZEqrk3R6EJz1p.jpg
61769741,Jurassic_World_Camp_Cretaceous,Jurassic World Camp Cretaceous,Jurassic World Camp Cretaceous,https://image.tmdb.org/t/p/w500/nkCbCmlwjwT6QL44DqG7qE9ch8H.jpg
69096500,True_Story_(miniseries),True Story (miniseries),True Story,
65690872,Hellbound_(TV_series),Hellbound (TV series),Hellbound,https://image.tmdb.org/t/p/w500/5NYdSAnDVIXePrSG2dznHdiibMk.jpg
69538677,School_of_Chocolate,School of Chocolate,School of Chocolate,https://image.tmdb.org/t/p/w500/mJe4JUiH3qz40eXT6wQ1zd6dA3O.jpg
65418869,Cowboy_Bebop_(2021_TV_series),Cowboy Bebop (2021 TV series),Cowboy Bebop,https://image.tmdb.org/t/p/w500/lSsCxZ1dnjcB4cmXSgMJt5qunOu.jpg
69592303,Elves_(TV_series),Elves (TV series),Elves,
57935436,Narcos:_Mexico,Narcos: Mexico,Narcos: Mexico,https://image.tmdb.org/t/p/w500/aXwMx8OvRFMfI1RmkbJm6Bq1jVg.jpg
63417747,Tiger_King,Tiger King,Tiger King,https://image.tmdb.org/t/p/w500/dXQCEjVth8P8L47XIsoRt0oL8Gw.jpg
57562648,Edens_Zero,Edens Zero,EDENS ZERO,https://image.tmdb.org/t/p/w500/nfkn7IVG5aY2fyjHBIF3A98rMcl.jpg
69943009,Christmas_Flow,Christmas Flow,Christmas Flow,https://image.tmdb.org/t/p/w500/n35vysDI3z4wsHSpElErNXKsAMX.jpg
66684490,My_Name_(TV_series),My Name (TV series),My Name,
69206917,Where_is_Marta?,Where is Marta?,Where is Marta?,https://image.tmdb.org/t/p/w500/4gpbQ1rWzAjOd5drFImfTgB4Ovl.jpg
67939301,Maya_and_the_Three,Maya and the Three,Maya and the Three,https://image.tmdb.org/t/p/w500/zUBixNeHU0cbSUH7JMktl9OMEMV.jpg
54096114,Luis_Miguel:_The_Series,Luis Miguel: The Series,Luis Miguel - The Series,https://image.tmdb.org/t/p/w500/zs9nMZdCy0EzWe6ZQoVYWZJpVcm.jpg
67950810,Inside_Job_(2021_TV_series),Inside Job (2021 TV series),Inside Job,https://image.tmdb.org/t/p/w500/qwJUDMJ4i3KBYjeUFK9Js87iJEa.jpg
69095727,The_Chestnut_Man,The Chestnut Man,The Chestnut Man,https://image.tmdb.org/t/p/w500/tdLJTZJ184PsO9QkK9aPeeAXLlo.jpg
57245983,Another_Life_(2019_TV_series),Another Life (2019 TV series),Another Life,
64986535,Midnight_Mass_(miniseries),Midnight Mass (miniseries),Midnight Mass,https://image.tmdb.org/t/p/w500/iYoMZYVD775MtBYJfv6OGY1FsnL.jpg
68930519,A_Tale_Dark_&_Grimm,A Tale Dark & Grimm,A Tale Dark & Grimm,https://image.tmdb.org/t/p/w500/iiek30wIfp96UR07jkCdrtlOx4x.jpg
56056303,On_My_Block,On My Block,On My Block,https://image.tmdb.org/t/p/w500/aFHmGVDNLFmhLjDNbFuMSBOxUv5.jpg
47521706,The_Baby-Sitters_Club,The Baby-Sitters Club,The Baby-Sitters Club,https://image.tmdb.org/t/p/w500/afyG6cPl0jeV3SwNwyZxRG0Q9wd.jpg
1660277,Grey's_Anatomy,Grey's Anatomy,Grey's Anatomy,https://image.tmdb.org/t/p/w500/jcEl8SISNfGdlQFwLzeEtsjDvpw.jpg
67464722,Nevertheless_(TV_series),Nevertheless (TV series),"Nevertheless,",https://image.tmdb.org/t/p/w500/pWIcIhpQibR1eDU0As4HRZeb8EL.jpg
68887373,House_of_Secrets:_The_Burari_Deaths,House of Secrets: The Burari Deaths,House of Secrets: The Burari Deaths,https://image.tmdb.org/t/p/w500/cao9YvzYZoP6ms5OZGS4xsq0y00.jpg
45525455,Lucifer_(TV_series),Lucifer (TV series),Lucifer,https://image.tmdb.org/t/p/w500/ekZobS8isE6mA53RAiGDG93hBxL.jpg
68914402,Scaredy_Cats,Scaredy Cats,Scaredy Cats,https://image.tmdb.org/t/p/w500/vhgh0RZgN3h54Xlpvuz6Atruq7W.jpg
62493952,Clickbait_(miniseries),Clickbait (miniseries),Clickbait,https://image.tmdb.org/t/p/w500/89Asq5Gx1YvmfJ4YhygTT9rFvtl.jpg
38795355,The_Seven_Deadly_Sins_(manga),The Seven Deadly Sins (manga),The Seven Deadly Sins,
62765936,Love_101_(TV_series),Love 101 (TV series),Love 101,https://image.tmdb.org/t/p/w500/4OOhHLZeTtNji4V6ZRYHQSvjlZc.jpg
68820621,Monsters_Inside:_The_24_Faces_of_Billy_Milligan,Monsters Inside: The 24 Faces of Billy Milligan,Monsters Inside: The 24 Faces of Billy Milligan,https://image.tmdb.org/t/p/w500/w4BvMx1wNVYFLeXHuGm66OENZEh.jpg
69093007,Jaguar_(TV_series),Jaguar (TV series),Jaguar,https://image.tmdb.org/t/p/w500/10tPBGrg1tM0Gck4db6NPwT6NfF.jpg
17229872,"Newly_Rich,_Newly_Poor","Newly Rich, Newly Poor","Newly Rich, Newly Poor",
68625068,Turning_Point:_9/11_and_the_War_on_Terror,Turning Point: 9/11 and the War on Terror,Turning Point: 9/11 and the War on Terror,https://image.tmdb.org/t/p/w500/jZsV8GInbLWcAX3mAFxE6gE8bTR.jpg
68646587,Sharkdog,Sharkdog,Sharkdog,https://image.tmdb.org/t/p/w500/cdkeBd7XZ6CmSE1a36rGG4bjqbb.jpg
62926047,Hospital_Playlist,Hospital Playlist,Hospital Playlist,https://image.tmdb.org/t/p/w500/clYgUKk4CzmKpEukW2I2oDg9k1Q.jpg
7562634,Carrossel,Carrossel,Carrossel,https://image.tmdb.org/t/p/w500/hUF6nKa5PhdKYVZ8rS8mdtTHHmO.jpg
39350301,The_100_(TV_series),The 100 (TV series),The 100,https://image.tmdb.org/t/p/w500/wcaDIAG1QdXQLRaj4vC1EFdBT2.jpg
68672190,Octonauts:_Above_&_Beyond,Octonauts: Above & Beyond,Octonauts: Above & Beyond,https://image.tmdb.org/t/p/w500/rqKyiPfa2dbuo9Wowkd3cVNbBYo.jpg
64241455,Dive_Club,Dive Club,Dive Club,https://image.tmdb.org/t/p/w500/n0pmXgbBepjIcE93g5OeqdCfZ60.jpg
62769504,Into_the_Night_(TV_series),Into the Night (TV series),Into the Night,https://image.tmdb.org/t/p/w500/na6fk6WculNrUPCPPQSPNjNyjvX.jpg
60280666,Hotel_del_Luna,Hotel del Luna,Hotel Del Luna,https://image.tmdb.org/t/p/w500/8bizZsXoAsOTbhyFKfBogC8mgG2.jpg
69702866,The_Snitch_Cartel:_Origins,The Snitch Cartel: Origins,The Snitch Cartel: Origins,https://image.tmdb.org/t/p/w500/sjkzeJJOdr59VdkB4BjlSVfJmq2.jpg
68236600,The_Chair_(2021_TV_series),The Chair (2021 TV series),The Chair,https://image.tmdb.org/t/p/w500/kz14K7vI2KNGyfTyBnYjBpA0pzQ.jpg
60735879,For_Life_(TV_series),For Life (TV series),For Life,
68174678,Hit_&_Run_(TV_series),Hit & Run (TV series),Hit & Run,https://image.tmdb.org/t/p/w500/6qiKrLdGQRUp2vgmkpOR3fwmzA.jpg
68583842,Open_Your_Eyes_(TV_series),Open Your Eyes (TV series),Open Your Eyes,https://image.tmdb.org/t/p/w500/50nfmMwCoQ5DDoVL0lrpCuKjJIs.jpg
66859943,The_Cook_of_Castamar,The Cook of Castamar,The Cook of Castamar,https://image.tmdb.org/t/p/w500/vIRPWtiWNjQIYWsHplwedbZxUcC.jpg
62767463,Brand_New_Cherry_Flavor,Brand New Cherry Flavor,Brand New Cherry Flavor,https://image.tmdb.org/t/p/w500/cX4acZbi2l4v051NJZfonqY0E3X.jpg
54022909,The_Good_Doctor_(American_TV_series),The Good Doctor (American TV series),The Good Doctor,https://image.tmdb.org/t/p/w500/53P8oHo9cfOsgb1cLxBi4pFY0ja.jpg
68536701,Gone_for_Good_(TV_series),Gone for Good (TV series),Gone for Good,https://image.tmdb.org/t/p/w500/cm44czNqZfPdKLfzr7k2Zf0K29w.jpg
68413073,Cocaine_Cowboys:_The_Kings_of_Miami,Cocaine Cowboys: The Kings of Miami,Cocaine Cowboys: The Kings of Miami,https://image.tmdb.org/t/p/w500/h0sngN5kZDTbeNjozHUs0iKirK8.jpg
70674696,Too_Hot_to_Handle:_Brazil,Too Hot to Handle: Brazil,Too Hot to Handle: Brazil,https://image.tmdb.org/t/p/w500/hd2MbR2JVXmnfQvmuN5mf1SxZiO.jpg
52024346,Atypical,Atypical,Atypical,https://image.tmdb.org/t/p/w500/iZ10Q7bEBP5bYD8DpKIbsRxdpeC.jpg
69668054,Heist_(2021_TV_series),Heist (2021 TV series),Heist,https://image.tmdb.org/t/p/w500/pPaVP9iIBHzHr8MfiGUqfdk6eA5.jpg
68190912,Elize_Matsunaga:_Once_Upon_a_Crime,Elize Matsunaga: Once Upon a Crime,Elize Matsunaga: Once Upon a Crime,https://image.tmdb.org/t/p/w500/u72BqaSphIMZYewR3oaVH74K8xj.jpg
64674108,Biohackers,Biohackers,Biohackers,https://image.tmdb.org/t/p/w500/zgImtxprzHCwfHhjRo9uslrIZ9f.jpg
62513908,Pokémon_Journeys:_The_Series,Pokémon Journeys: The Series,Pokémon Journeys: The Series,
67778926,Somos.,Somos.,Somos.,https://image.tmdb.org/t/p/w500/opHopqkLzkftwUl4jTLcwckjuu.jpg
68174748,Sophie:_A_Murder_in_West_Cork,Sophie: A Murder in West Cork,Sophie: A Murder in West Cork,https://image.tmdb.org/t/p/w500/ggM1EUJ4KbxMY5uyZ6X0zfznoHY.jpg
67798731,Katla_(TV_series),Katla (TV series),Katla,https://image.tmdb.org/t/p/w500/eHCjBITSdqcU85C8IdlQTb6aOV1.jpg
